"Path","Length","SourceMD5","SHA256"
"$SystemUpdate\su20076000_00000000","3100672","DB1D4E420DE41068EFCF2962BA9ED243","DC26B64E52300B15B9185CD63C37878BBA74A160BBEDAFF449D901BC88AF80E0"
"codmp_xenonf.xex","7122944","828E6BCB958475BC6B5439D40013442C","BD57D0DF66172ED58163FCFB8A814640DDDDA3DAC07CE2D6B79BF226B20982F6"
"config\default.cfg","1271","B95E5FF2AC75D1486C910E425378D237","E34A18DCFF32410708C65440785357B708292D5E8C03A0DF49E18907F97BECA0"
"config\mp_xenon_a.cfg","1140","08806DF06221676E78740634938565DB","E4FD793F258829057C51B56CEA01228620F067E1A0B333CBAA51E7F45191DB6E"
"config\mp_xenon_b.cfg","1180","7768471AF91C727C8A83E1D948C92926","816E91ED9152431F4910772042A59BFB20D7FA942F745CF9D395EA0956F3F7D0"
"config\mp_xenon_c.cfg","1233","E92BCD617FAF0FD7288044DBA08DF6B9","F8F10F9514DAB34075BE1DD013EB196F4AD54D7401098CBB8964C47F6E0DE29B"
"config\mp_xenon_d.cfg","1231","8D829D3AFB090F49363089B6B1E1C3DB","FC07C9D9699982F52D94AD259DFE98A2A92F6479495A642421A121E1CCDBF375"
"config\ts_def.cfg","629","D08CD09C5ADE9F1D145D84A0732765EA","AA9ED5CD1E9D751BC5D9482AF8BFC4CD175CA99FC7A45DB2DFCF4E9AAE06552A"
"config\ts_leg.cfg","629","46C2A3043D0D768A39ECC741EFEB4695","7F09FDAF2A20821D6F9007044C60417DCBAF11B80A8F33E2C4988540F9D95F56"
"config\ts_legsp.cfg","631","C18FF580712AEB67C5E0ED5940D26104","61B1D0D20B6543C4F065006C4E7FBDDCC2845BF03385B5175A94AA897B87EBC2"
"config\ts_sp.cfg","633","3987B4A284293E16A08784EF7C8ED72B","C1D5E41E65367C62B1CE0D3D92AADCA8AE49F895E72FBB997F192372267F22D2"
"config\xenon_a.cfg","1172","440F15A2E7F1FD41D08A53BFD6C6891C","51A17D81501340EAA7D8350EC030221F3AAD97E48B0223DBB990E89B44806C3A"
"config\xenon_b.cfg","1216","B5B70ABCF3E466E0EA0B4D10D4203852","C6CCDB5CAFE01E8DBDAA5B97046DE3708BC3DD339F725A16A2B67DE499D3F251"
"config\xenon_c.cfg","1265","E48BBBA1C88688B8C835BA779738C0B9","7CF6064627D86A85E7EC9142CDA2FD859BC10D604CAA25848E8486DDFBB75F9D"
"config\xenon_d.cfg","1259","66AE762528CB48D2E997574A493EC8EB","310C2E44A0ABAF946AC8206FE98BF0DF7228E69ED5DF519F0211EE20A1E70D11"
"default.xex","7254016","03333E7C40BF627E498E53821FC3C7CD","2944EEC7D1231AD6798B5F9F8ADF8855F5E489296B22EAB45B27A577CEE23692"
"media\GARA.TTF","196616","48AB450D78F672B6EB47A7E2E01A480F","E55F1AE82489530A585A824BF306FE24DDAED04D57068C8C0B6FC2F135D0DCE2"
"movies\attract.wma","1239415","223C57B75CC7E59BB55E490B2CE6A80C","330AA2F43E5449DD6E85ACABA37DB8DE783114ED7E416CED5B0F073FBFCFA16F"
"movies\attract.wmv","32613798","0A51A7249B0FCAA4BDF43619F52C3961","FDF6CC073F07693C68F6320838568BCC4DE1752A4EC6109A3E8E62D037124E69"
"movies\atvi.wma","183283","AFB1F449E7258BAC3343DAACBAC0792B","79169EE8E6D0D855415D5EA7470263D89DF57E3C6DED33BD553DF613958803E7"
"movies\atvi.wmv","3533480","231BAB7286E8F2ECB42BB5CBDA9272CE","80579ACD0BF346ECBC6C5FF4D15AB501B71B088D7C58CDDC9B3A23509A6CD39F"
"movies\blkbrn-en.wma","1472587","63F010EA5B0B5A99F6166FB9940BEA9D","AE0B0F8AB257D8DA36306BB01697B129C438F2A65A808008FB450D5DA6185FBA"
"movies\blkbrn.wmv","35613870","96A3D46D3BC7386D20209C7BC377CEB1","33DE16A554ADD30B4D0E6953DE44172E0468AE0206A43752129541D9F239CE39"
"movies\chambois-en.wma","1431439","D29A222400EC8779BA76D2614D97FBFF","9F06FCE296DFB45F3E5349A58FF1C25F0D57A2343A469BD602F93AEA5DD973B1"
"movies\chambois.wmv","36597852","3DB195E3B124E690D6DD5F3CC133C1ED","D09501F913E7072371F8922715B8411C3EFA9B81DD1C23E94FCACBFE8345944D"
"movies\crssrds-en.wma","1246273","D8052831C51393AB8A4716B356DB0FE9","3B2DF4DAD2D1FBF2AF3823775597F80F0D63A3C3710B066124DDA0E37529A8E2"
"movies\crssrds.wmv","28925798","C418671CA76385E1DED7B95331565FFC","A3044621362FACD5C72BE9546108D689F7CEC4FD930E755BBD030FBFBAC27741"
"movies\falaise-en.wma","1904641","65BC866FDF37C6604BB9D046ED0F632C","DCECC7925401D60E2F2CE895058542B3FE7A51D3D83A7A25768EFC1CFF5A9400"
"movies\falaise.wmv","48197996","EC550270CAEA57CF281DEFB37A2DFA05","E0D55DA893B93D2641043F93386C667B384BF4F1792476AC5EA1B8CB1BB4FE3A"
"movies\finale-en.wma","1513735","81BA144E8D79F6A491653CAD579A79DF","46CBDA30436CEC16A70C591504A35890904DFCB28F0785768B389E6E500728F1"
"movies\finale.wmv","36301882","AE777BE80CC00F2BAA84D0C322F76A8E","9E62A65A014A42A78D3BB6F463ABF5C4C524873E359B188D16E15A18BA8F7F1B"
"movies\forest-en.wma","1431439","5630D0799AA4B021482C01F29D971FC1","FEE85C7B3ABEA2AE7A7FA81A3CA464D8C837CE337AB62985F8F1B29172C2A84D"
"movies\forest.wmv","36645852","2E890666194796A48B4B3C44605A90EA","8B54F9F42F1814BE3437674E2444D356002A6A043D490EF61F4EE19175EDA9D0"
"movies\fuelplnt-en.wma","2082949","AE19E006616C19ED960F07EB0425722C","492BA1605FF4BF16296D28A1E64C387ED9EFAE2C6EDDCDB412F8DE5C3847C66C"
"movies\fuelplnt.wmv","50222050","D71F16F7F57538AA044D72C822F863BC","3A7728A1C11BD267780B5ECE00491B3EAE7A7A3462891975B5D38BF4669712FA"
"movies\hostage-en.wma","1602889","EB9B6940B1E360AD9B78FE21D5D07862","5882CCB65D00EF51338BFBC8B6CBDE610A75DB567C3355C4A8CEE82633078605"
"movies\hostage.wmv","38205906","F45C02957E8E4FC7C2D6E25BE5CCDE35","F273E0B3957CD0E5514300AF8ED687E547781E7964EF403FDCE8E1311557A630"
"movies\island-en.wma","1362859","C95AFE74D322FAEB21040D78EC8BA42B","7E322DC1AEB8275FC708B81DDB90387ACAC31860DC02F72A2302CB9BB6138038"
"movies\island.wmv","33213834","8C6C2D98DA7ADA91BA0B742C42913D39","CDA2F9A77952D53631125D05B323FC91C741A7A0EA928411A59DF56F2FBB4568"
"movies\laison-en.wma","1218841","D9F3292D0BDAA49157EC67F66660A93D","57618D528954FA7FFF7554AC658F6F6AE293F3B4087F5DF5F4B8BF5BCBA20334"
"movies\laison.wmv","28133780","1670DF3CF21E67C1D84DDFED9F50ED93","579666256D19F10E14AA729298D088241B67D039DA4381264A67E1A0D09D3E39"
"movies\legal-uk.wma","121647","0D7C030C869650ABCE73A749DCB08BE6","3F6C968E3F18B40B88B15D168731803DA9C4E51F853E6B9C49938A678236AE82"
"movies\legal-uk.wmv","245462","971C305F171A30D0123F44454F7D4EEC","8A54C10D496A85E8C609E4C619D5C58DF88228AA4E66D73121461A3F9C70ABAE"
"movies\legal-us.wma","121647","0D7C030C869650ABCE73A749DCB08BE6","3F6C968E3F18B40B88B15D168731803DA9C4E51F853E6B9C49938A678236AE82"
"movies\legal-us.wmv","325462","350E0488712FE0313B29D03131386695","5AA32DE23284DFCC9F0A649DEBB808FC24D36A5E38874E3010D5EC3CDF9F37F0"
"movies\mace2-en.wma","1404007","11126DC97AA38E992D7BC5C0AC721C8C","324680E1ABA8F5EF4F1CBE06599297BE54B3FFE14BDCE052A3595984B1C2AFA4"
"movies\mace2.wmv","34501846","0D3E9F5C8F10FE426CF78BE32507ECB4","D8A94865F9E9BED5329D5D9B0A58445A10C1B1B46B084C1FE3A91CFCDD120C30"
"movies\mayenne-en.wma","2096665","B472B2A4D9FA61AF94063218C21952AB","BDAFEAB227E22F0680D8CF95F247B396AFCB85E7DFC18CB945FD8210DB0FC9F9"
"movies\mayenne.wmv","53326056","978370D0FF4A13891907738016736A2B","ED0C59B378F74011617C46D509E87AF4B1C2D97D3DA909076A78B4EBC09D0D81"
"movies\nightd-en.wma","1884067","AE0D7F9694DF231E39558688C3A940BC","C997E100B332CD082EAD5AC90EB3348DA975ACC99BA2447F26E0F09991B43A82"
"movies\nightd.wmv","46893996","86214B31C528D278C111495C4A2AD90E","8E464D844829D50F2A7572830DA9C72E737B63EAAC8388422370D0BC964E5564"
"movies\saint_lo-en.wma","1246273","FBE2537F47D8F851E79FAED40579B4E9","503674C9015B9B0CE6C3F296C7E59D556C766DD4D888B7D3001948E635767CE8"
"movies\saint_lo.wmv","29837792","9EF19003904E42A0984D1432CB040025","4080EB0AC8ABF588E7DB0CCF71BC04B6B1D09648B8664124B80FB780543A02A7"
"movies\stbert-en.wma","2151529","DC3D5A38D974481C56DA2107BDDEA46E","B6B7B6CBB1F2E10AE163160E325D24465E3BC52C5650CFF70C7471871AD9333A"
"movies\stbert.wmv","52374068","2C42B70457D524287421A02ABF122E8B","F2F2828B76409BA6098E8EEB63A620FFCA4671FBD225A3B8F0C5C7808927AD87"
"movies\Treyarch.wma","313585","2090BE2C8DBE2C376A7D7D8ACCD4C7B8","CEE436D793D034B33A7D58EC308B551C7B8731F5DF25AEE721F7163511BD8B47"
"movies\treyarch.wmv","6205498","A65950311CB70ACF6D7F4565BF360F82","45D312DEBC07DD0904DB4DD138BA7A7181B709F751178CFEAA4D429D1B25CF9E"
"mp\anim.cod","1474560","F6A3CC217A46B15FB24254199AAC2D08","058F4501DF7D650D0FB83293DF33989966EC4E5C51F711FF160B018112176E6D"
"mp\ederdam\ederdam.cod","73334784","AF2B4D0227EFCAFD8A3B0F5B6C4141AC","2EC3446953E462B2AEF95E33EBB7188EED7C062A538F29801ED09396D3B79685"
"mp\ederdam\ederdam.wbk","13697024","D5897496609EA635D25D2ADAD15CD380","283F779A7D1C8F5078503E3437774AFE51A72B0E9BE84667AE1E4FF2D83B517A"
"mp\ederdam\fx.cod","9240576","EC9367083A68408E204548CF40FA15C9","11EE6B51EF37E798E8DC7C45C879EE5A0934BDBBAABA433D0C206AD3DADA8EB0"
"mp\ederdam\loadscr.cod","3866624","FA1F59C230ED3294D025CA498869C581","BF2C0284A6A78AA81C94973F50ADC893E22339F87BAF0291DDB860BBBEC57F4F"
"mp\ederdam\zn01.cod","16449536","FA39423AC19A6FA414ADA07C254AF55B","CF4A61363CBD7B0B69192728C8DD9DA4A39CF463ED89D9EC44BD1C88561A982A"
"mp\ederdam\zn02.cod","24117248","422F4C5CB0638C29CB82269D8AA21D86","5C545338F3691D6A80473C79A19AA499C7D332D00F229A1BFD37613D9340CABE"
"mp\ederdam\zn03.cod","24707072","19D823271E9B2E71060743487B8F9266","411192AE08B1F923600E437A892F9CF226A24EBD28C2659A17090E635C1D5B92"
"mp\ederdam\zn04.cod","1966080","BA710B6B6A39CB4EF3AEBB5878B6C76F","1C1B56DAAA5E8344D4FD1FD1DD18D3D5E3622BE21EDA6DE2984EA74E0B017547"
"mp\ederdam\zn05.cod","6029312","35B34302BA1C15B159F8845E5B5E8F2D","5A5D2C7B25EF312489FB8A5F6E51C8D6598B97D84CDFDF9C313FAB525E41E03F"
"mp\fend.cod","14155776","4C5EC4430930B92AEEB3DF26B29042CF","7D0B1B7F8A2AE578E14539DCA4A270E9B179A5A2A5FE2A33C9B2F7275702FA80"
"mp\forest\forest.cod","62062592","A5B11ABB8D09849041D49B2B7B52E10F","BF075EF62501B8BF7F19D73AB8A8418C0996B32752728BC9476F69C892EDBDC9"
"mp\forest\forest.wbk","12386304","C8BF6F7BB869F3BC0D9AE1B87F3CC9A9","765D8F862ACF24F203FEBF749020AD9CA45A6480E094DAF046968F32C256B2A3"
"mp\forest\loadscr.cod","3866624","82AA5B3C54383CF9DFDD4692FE5BC9E8","5A07AD85BD43A3FCBAD6E7DF42953E9DBC9720C7F3DFADE2EF16E49F03A41002"
"mp\forest\zn03.cod","2621440","062891BB820BF23344C45B9EE578B5A3","BDE7C76A3B009FC71FB09016B10AE13BFCBFED0B80E4F7F03DBFB37C3B95ED66"
"mp\forest\zn05.cod","11141120","7F42A00D809BB882994E64C68FB8D5BD","C62FB2BDBF74C4402AC63E2345A244AAB0F8DBE57B063EA31354A6AA31BE139F"
"mp\forest\zn06.cod","7536640","EB33A840F099782B94D8C5A82D58DC1E","5A5B2A50B0468EE86CBD14C62B0E3B156C20AF8192B91966D07B265B34297E3B"
"mp\forest\zn08.cod","11862016","63F6ACEEA0E5634DF28F60DE7E6F22EC","698074D995EA80DFEFE42CBA98CA52B8A61227B2B2CC772864BD4E316707B288"
"mp\forest\zn09.cod","4128768","96C18DCBFF7E311D60BAEA6689397C1C","690FE9D312BF5CF753EF4207E5104D7C77E15E69D66B70EACC42A410387B9359"
"mp\forest\zn13.cod","2752512","2E353E365B438BD8246D65AF323C4B5A","2C0B6F92CEB3623DE95A91F560A08BB52940D3B35ABDE63BF4D3C84900A7B305"
"mp\forest\zn14.cod","4194304","3E7EDA66A7CA6854B775EF8CB0D544E1","F0F074251806E3E8D1AB61B77571A48CA6D581F6A1B77E2F3F3652E14EC747B5"
"mp\forest\zn16.cod","1966080","F142F911363A82D0EC56CA1335F3D687","C0A88AE2516CD099CC2FBAE4E84C0169218C6777DD1E429CC34870DFF80DA3B3"
"mp\forest\zn17.cod","24772608","31E25DFF92718C9FE47701E1C6C9D036","626ABD85C694089B8F329B0C696E4A775AF83FF8E3BF23047880DA7B2EB44135"
"mp\forest\zn18.cod","6684672","858FA3A26FF09D78C3E35360F0447D23","35099D6AB9CB31FB62035BCF184C23A592B74B0783497D87586A1F99AC94CAF4"
"mp\forest\zn19.cod","21889024","4728B0834DA2E1445103EFA0D69573CD","78AFA0A36DE22EE90057A80EBE2A43BDCA02B5524610ABC69793D668290D70E5"
"mp\global.cod","18022400","0DA0EC1E106CB6D1CF4BA2C5AB6F1932","8137DFEA8486012E972260F05B0EAE608258D735A649C0F51CC79E43F9D2713C"
"mp\global.wbk","25690112","C0B9BBCEF577C0FC9619182DB6F036CE","B32BFDD1CF633024465A789CD257DA5B387AB307E9104DE921A958813E9EF3E5"
"mp\loadscr.cod","4587520","98EB622610BA4F90FD9AF4408C74E0BE","E613F96C7B09E3B9A5FDFC4DD1F58BEF6234E176906F057D1764C900E00BA213"
"mp\mp_fuel\fp_zn1.cod","26214400","87499B84378E496A9E31D52FD92DC45A","B24F2A612F7877F46507B78E9A260C38AAB41154FDDDC08FA2B1B444E555383E"
"mp\mp_fuel\fp_zn2.cod","10354688","8D40FB80D45EEF315A8985E9D2A28F58","E2B8B43419059A0135920DCD955AB2715AF0A2EE80359561AB9CDAD0F48F905A"
"mp\mp_fuel\fp_zn3.cod","4980736","E637B4A741B740FF83E8D2A8227FFE5A","118FDC1948AA6F3997588E323D7808A7971C796360B9A3C6E215A46F94FDB84C"
"mp\mp_fuel\fp_zn4.cod","3211264","F7ACE926D63087D8389E44EECEE4B4CF","F18E286538B4F8EE602D8D4B98AEFBFD0680ED01C5CCB6232BFDA4274BB10173"
"mp\mp_fuel\fp_zn5.cod","8585216","0B596026F08ACE47E413E69152F682C3","4DDC83A98E06F113C30C769097BE8BBECF444E45E3B7E0544356C3321E71C389"
"mp\mp_fuel\loadscr.cod","3866624","49101B830E3D83E54E9A9E70C0C57384","FF5FDD110FE8B192D5CD59C49091AA30D87C6AD87E1BBFFCAB98EB797A487FA7"
"mp\mp_fuel\mp_fuel.cod","64749568","70B320630EE41ED995CD16F50013E808","BC177BB81714DE661E30B0BEDA57306A544C6B68CA38B8A07559CF855DF44726"
"mp\mp_fuel\mp_fuel.wbk","19660800","2E69D943A65BEA23389E7C1A2B32BF3E","78795BF96D643EF6E011D99B48E34A37942AB3E46B2211FEF2FA9ED7B274BEA6"
"mp\mp_hosta\loadscr.cod","3866624","C3502F9BB6F54A8DD842448E719B6F06","4D9E9377EC65B031C9ADE0811F4D7B1C8D9896B9EC3EB174D47441978EAC559F"
"mp\mp_hosta\mp_hosta.cod","68485120","C8ECFFC7C36BBB5475F28F2C0CAF1A5B","93F78514AF4D2D7797BFD8EDEF138C96D2D5EC617F09F26CA10874BD38274078"
"mp\mp_hosta\mp_hosta.wbk","9961472","8ECAAC1FF90870B7BB703708A789557F","A19729C288E7586C7BF652733C9E63329CA03C6C1C5ED3406432FD5CC7359B94"
"mp\mp_hosta\zn01.cod","13631488","83BDC46712AA970E97E0D39E685FA3CA","5186D899B3C3F69B6D8239F8DB032A6624822E905EEE203D0145246EB29AFF33"
"mp\mp_hosta\zn03.cod","5963776","469604B41F7002C5BF2263EFAA8A291D","7A058F8616C98E93E90C7B341A88348CA6DE59479F5D0E95D176ECC45DF4AC9D"
"mp\mp_hosta\zn04.cod","5177344","9166F1A06F99684187C35620693B4A8D","183E5D945CBF6E8217DB9B027C01D7B8A7B1767274B54E00A54BFCECCC00E7BC"
"mp\mp_hosta\zn05.cod","6488064","FCF7F234A0760AED07742138D70A03C7","F2DBFFBA3D5D496D19A5C20E3DCA04410AD10B5BB9301ECB959AC88E0A7EC77D"
"mp\mp_hosta\zn08.cod","16842752","4C617547EF6AA06CBCB7C23826E41FA8","A31ECA34D2CEE34168181E585BDF1D74E35414821736B2B1748D5778AFF0C700"
"mp\mp_hosta\zn09.cod","16515072","F3ACE3D25B387135506F5A1C738BEA01","B5F17B69B8B04E339B9FAC70A6F8213472D1131ECCB7F04A06EFD4C108AEAC2A"
"mp\mp_hosta\zn10.cod","23527424","D95B07703C48E92819E1E69B56CF06F0","5C035BE56E6C997172BBF912C164AE4912AEDCEF985603CEFF6F624505AC2285"
"mp\mp_hosta\zn14.cod","26804224","2AB7D08A0B00947D91B79A1E911C4559","BA9445C74CCF74BCFE5851E5035E1F409E70CE6D0F356CC06D8A9C9D5F794281"
"mp\mp_merv\loadscr.cod","3866624","D69543E58880870739E0A1699ED0FAA6","B573234C1F0BB0FFB02A3790859365E30B46D262E94271133B8F64C0592533CB"
"mp\mp_merv\mp_merv.cod","140312576","8C0BF82C73F89B4F23497A5CDE57B00B","677511359DC80C3B18CA3D8715219162F3D20F622B822E86BA39E5BD12501AC9"
"mp\mp_merv\mp_merv.wbk","12582912","440AB42362EEC7033AEF29D9D1C3E245","2B42BCB1F3DCA23DA1D20FFFA7099B69BFBA60F416AAAA382889E931F166DAE2"
"mp\mp_merv\zn01.cod","557056","06D2DEB59B499896404B8838AABA18DE","F65B3472F75AE93DCDFBA89A96A4E5C14632D96AAEA977A29F50F2A69E8E4F4F"
"mp\mp_merv\zn02.cod","557056","5AAE559A424C8B91960A6058FA18B6DA","F9AB65E44CADEA36FA4385D42FF76F284D26AAE1C446D928FCECDFE50E314A43"
"mp\mp_merv\zn03.cod","557056","3A3202B2C9956A377F3C33955C590835","A6D756C00A97D85ED45371B1EFCADB9A2E96C9B507453193CDB66E06E0EAA665"
"mp\mp_merv\zn04.cod","557056","F62B1F183303ADFB7DF98D53C4F3834D","FAEEAE62AF9F301538477807FE5D409B492DBA307F041F233FA1F1BAAB705D11"
"mp\mp_merv\zn05.cod","557056","83EB596994C25E5CABCF9B4725A31384","80C6A23197287FCBA651BEB455AF5A33B582AD3657EE1A3DB86C3138D273CB5A"
"mp\mp_merv\zn06.cod","557056","0F0E5C94CFDF5734B2B5DE951BB09FC2","D950E62A6015B5E31A85A93BD95F5DCA5BF52CB0CE146B96303C86432E2AB3FD"
"mp\mp_merv\zn07.cod","557056","163A6B9573DC7852A5A374A1C27BF9A0","8301A0116ACD3AE4BD98391E50C3D476DE02E244A70EE5FF4F50D918BBBAC157"
"mp\mp_merv\zn08.cod","557056","32A18D1B13715C184C34517BB666906F","316A1DF9F342B88B28EB60986FD75CBA6D11FB75EDC466132BEF80961C255FD2"
"mp\mp_merv\zn09.cod","557056","BF5F65B08EE4421034B2D3E463ECC694","E21C5F586639AC4F0E19EAFF4DE488EEF67BFBA08DDC7C87CCD3C7488079C3A9"
"mp\mp_merv\zn10.cod","557056","D2C369916B1DDA0892BE5C1658C4E7F7","0B285F7A262A1906B1D23BE78AC680B2692D98B8B34180340D25A4DF7D68D37F"
"mp\mpmaynne\casdyn.cod","163840","11C43943144F5EA398FEC800F577F47F","7F80F76BF85F231F3FBE2D43220DA98AAD203FAF33DAF8EF22BC40FFEFDF2C98"
"mp\mpmaynne\loadscr.cod","3866624","43BCA41F0F4B756AD6B47E2F702D64BA","C7BF5DA20A453499F21B05BD758E774878438DF0BC27CEFDDC3D8AD0D98D980E"
"mp\mpmaynne\mpmaynne.cod","37224448","2F7CDA9C73A554D6B4921484A85E9EFD","4167A093059707C8DFCBC18ADA22E18C3E7AAC884C66EF9F8795965F9E22026F"
"mp\mpmaynne\mpmaynne.wbk","11206656","9A449C44648078CE91B639293AFFCC41","39326B0AAECAA6A0DAD3669735BFF51019D3312809C7654172917171E56B3984"
"mp\mpmaynne\zn01.cod","40108032","AE5DFE9678FDFF02DD91B91CBB78DBCD","FE4B9900F8390091EB073858A554D4A48E4EE649AEE0C7F3A221BD41124C2262"
"mp\mpmaynne\zn02.cod","5701632","DC2A37372011DFB7769F97727DBA1CE0","62B625A5CC668237AADBC6455B19FF070CCD3E961004A0964A02A4EF2D0F3DC8"
"mp\mpmaynne\zn02a.cod","5832704","66DBE98FC3528476700276E7BEC9EEC5","9B15371926A3F357DCC86ADCE01F1F82FF9824B10FE63A2E553F87DD7A276773"
"mp\mpmaynne\zn03.cod","16187392","75DB7F7F3B6A20C09CAF34C7258CC637","B9B9E7593E246BD594F65306CCBF1DE986127B4E3C4A2B1B8D87F57FB0D29558"
"mp\mpmaynne\zn04.cod","16908288","F6FB112AC3380D07B09BB496AA5A86F7","30BE4E32E15271A5A89D22C8132FBE646E0AACF883A9BDB525ACCAA50259C4B0"
"mp\mpmaynne\zn05.cod","6684672","328456A18A7B057F954BD76A4844CF23","58AE63D6BD36FE850A3B8BBFF130677D8826742EA61C3C7487AAA9B5E4130C8A"
"mp\mpmaynne\zn06.cod","12058624","87DB64B841CA57E8DCE73A6267537DE3","5C0C0A077E23A38EA9DBE85FF7A9534DE7D272B7EEB5421C8A6A567DFD6CA225"
"mp\mpmaynne\zn06a.cod","4325376","F1B9F61BB4AE44E40056E065884222E1","9EC7A794E63C8C32BA0BA1F2421BDAD281C242CB04C5866BA2C1BBAC4F01C5D9"
"mp\poissons\loadscr.cod","3866624","5B93B84BB829B9AE6F93EFF1BE3BDC1C","277EE5DD4260F070A5966987F313B992DA5774837A49686D7D1BD4B3116C4846"
"mp\poissons\poissons.cod","146210816","A3330DD66190A2366E31135C79F0768E","0A85BF4BC1E2DDD8EC7B27AD8B8E6E8E1DDFA59301B662D77C2EBB68955840CB"
"mp\poissons\poissons.wbk","16973824","9754D823140F73BBC641C974F5057331","1AD81088BC1D3089BE00959B5AF0BB7A77869495A9350D05FCE870924F974C43"
"mp\poissons\zn01.cod","29032448","A6861556FC4E68BA9DD0036A0FFDADA9","A51F6111E81D6016DA7466C826665655062B39083036D40CE7DFC20B866FB036"
"mp\poissons\zn02.cod","15794176","CB7EA2A79DFD33174D1372CDDC1A6473","0E9F7BCA88D89714ACD64630AA3CCC27B5DE1998CFD6C3D86ED35B0C6AE1DF85"
"mp\poissons\zn03.cod","11534336","B035DBD50F3F466AFEFC986E4EA5A727","3188AAE55157E3D3EA54E343C2F8B7E5C0456C7BC4F7D891670D968D42C62074"
"mp\rouen\loadscr.cod","3866624","4419384492569764C57108465A204CC3","1D0C838FC6A41BD28EC76018A91B44C357D5543FAC221209D3890B683F067BA4"
"mp\rouen\rouen.cod","55705600","EE50A732D4089E42C098A561E57E1262","DF7393A98DB2581AB3849209A06159350DB0C5237B73F89A1E2141C4826723EA"
"mp\rouen\rouen.wbk","14090240","9071EA56283294635BD514109C94B5CC","B03EE94CB741401FCE94102E2B52207FE50E8FA0153A1BE9B8644B875DA1EFDF"
"mp\rouen\zn01.cod","28835840","C5F3C15404517A7595B051F242A69DD8","30FA6CE95E384C5DB423A79969D19BEA30E2A0503DD754325E4AABBD10EF6DDB"
"mp\rouen\zn02.cod","11927552","34954ADEEBE0FD31D6C7979592CDD2FF","CFBF1F849BDC6099F447F7A98483330F1429795FFB949C0399E18EE8A0480900"
"mp\rouen\zn03.cod","8519680","1072E2B7E541FD3FFDFDB6E5CB8C4CAD","CC1152FE6A326B37600F21285FA922C3C3603280440942B920B210D4ACF28B80"
"mp\verdun\loadscr.cod","3866624","5F4FAC36A90A61C1B6B740F7FCABE831","ABC0922E2666ECD64479339D0034D690DAC957F98EFA28C5EC007466F11A186F"
"mp\verdun\verdun.cod","48037888","2072D5B956B9499FBBFEB8DD937962C5","CBA4A61C9F1425FB5531AA1BE4AFDC29D20D5BF27A5762735C6CB6A15FAB4D4A"
"mp\verdun\verdun.wbk","14090240","3FCCCB53692BBFDED471D4A154709041","F4EF23A9A04EB754634244BC64F0E39BEEDD2FE2709BB258D4A8A740D2FCF17C"
"mp\verdun\zn01.cod","12058624","B270E3AB190DC42D09A992E3149595F5","C2F475F77FF9442BC450BB3C17953164F570FCC68278EABA4C3D6577F0CC29CE"
"mp\verdun\zn02.cod","14286848","064095AD5CF109D4405574057EE11AA1","BA7D4F36309086FC8B8C72DB1244D4228875B853FC040798D54BAA0F00A06323"
"mp\verdun\zn03.cod","9502720","EA069BC96DEA42040EC47B9A4F28B0E5","D4099421E2EF08C07C47355143D13DD4F9E81FEA5959E60C294C205B9F1E86FA"
"mp\weapusge.cod","50200576","B70F1CCBD4A3260C2F3F1E0BE5C18A3B","DCE003B184581F1743A3411ADC3F795C58506C2C46B7BE39AA3A60A058BFF459"
"sp\anim.cod","2031616","0518767093A621BF8300D7005120E750","29F28472BE04362342D6B8D5B73C16A4CF59199EC16C6D9B36949AB34D622F1E"
"sp\bcen_bri.wbk","107413504","8F089DB769E5B81288ACC4BDD5A39FF4","57C1DE027714C8BE3F20877D82DE80363899AC2915BCF65EE1B6F597A8AF6FE3"
"sp\bcen_can.wbk","101384192","868CA58B5D7D942450225D69D6303CEB","7F6F3CFECDD351329D9EA64C2D7C6CA3B3C93ADABBBAAD1C104E3AA8FC74231D"
"sp\bcen_pol.wbk","108199936","8A9FA7FF052E7AD5BABA762D9222562D","9431D924CB8CCA691C5EEF7AFC4A0A7B4B160798F39AC138E1E3271B66B045DD"
"sp\bcen_usa.wbk","76480512","1284A7659038E5C289C9FF76F2EB2E79","920FA757E2E5D1465DB746120FBC03B72791034CFCD64F2E5C038888BF9B977A"
"sp\blkbrn\blkbrn.cod","21495808","68655D12F4B28B997B337BE5278EB02A","9115238A977974113E913541DD9101E95525FF6DDB38D8840BF31572631EB985"
"sp\blkbrn\blkbrn.dll","2166784","0FFD6D49CECAE529F28D735BC5BD3A28","0EDD8D3761F14EF829028B31C35EBDDD4067BAA14618069E0DAD0EA0D579C513"
"sp\blkbrn\blkbrn.wbk","18481152","CF0D971A5DBE12210CB39371676F387C","D95B226BCCCE0CE44EA1AD6ECBF8FFBFB242F9E9D61E3EA29E496AA3FADB7E80"
"sp\blkbrn\chars.cod","11730944","441B63D844A27C4A7B1DF5B39587EF52","45682EAAC33B191236BF7C6BD8D2A92A31FDEB25F1F46C4EB74F79F0C3D7B7BD"
"sp\blkbrn\country.cod","1179648","1610DE0F44E7EF80959952D5305389FD","F2842EC877114875017EC248FD63A62146446B1492F784C870EFCF1565CB4E85"
"sp\blkbrn\fx.cod","2686976","A097D9A8B23DCF47BF6CBA2D597607A7","687BDA7CC0835F17B923C1FE3F742237EC0651CE5EA225A96BD0BD5E8BFB57F1"
"sp\blkbrn\town\town.cod","1310720","D1DCE60D7B296789D6401A146F5245C7","C56AE99170A11A528E1E30A48376135FFF275D35E981B11466CA63B225D1CF22"
"sp\blkbrn\town\zn10.cod","3473408","199E8863A034AB74AE08064BCA162666","134F4AE037D05C8C92E5C69337A6D9647BA9716C74EE146B6CCE7DF15F6B6410"
"sp\blkbrn\town\znt01.cod","10485760","E2AC161C9EC32FC55017F65FFC1128AE","1185D932D76643B3A5351081B79D6296013B0334376982214A8B72949A77B984"
"sp\blkbrn\town\znt02.cod","917504","F0C2605655FB74DE8A135699F611A496","4882F6D64A13F7E5DC33CB9B6B832717818DE4F07800D66DE376B52982FD94DE"
"sp\blkbrn\town\znt03.cod","9764864","1FD0E586046AEDE7B3D94DCFC3EA6CD7","36AC23333DD8FC73F8B1C4AA5056E04427BEF974CA4E065D19B7EB1B57F4CFB3"
"sp\blkbrn\town\znt04.cod","458752","0AA8B27ECFE3E4DE01ED6A00E2B3426D","5F5EFB2A8820CB90B68A0F88201569EDC65E5A3DAE3D004095C5B633F96C7C5B"
"sp\blkbrn\town\znt05.cod","3670016","5F4C7F72BA61721268BED88A3D59BED2","0ACC21E376920D01A8127F2284BD20E7C24D7DB2A9CC3F758500DAEF6F17FCD5"
"sp\blkbrn\town\znt06.cod","8650752","5AA86E3E2F699BB029C66CF0E7E19C12","688CC43C328BBC3FACB871E654E2E89AE288F655D5A6DB04399C0A634D8215F6"
"sp\blkbrn\town\znt07.cod","3211264","452BA867DBB89D9FA71E915665989EF6","FB17A03B041B8846450F6150114813E029245B963CFEEB03FEDFBD8F6AD522B7"
"sp\blkbrn\town\znt08.cod","9240576","903308D49493A160CDB18B7D1660B263","CEFB7E925DF47CEB260F9F9F769E5AF9EE6AF0EC90D261CF2294ECCA09BE07F9"
"sp\blkbrn\town\znt09.cod","8257536","083A1C38DC3137E9F3E0348C64B86B75","CBA9DE56799D05FDE6769190A10C1E4C367DF0D4658727139B99717D4CB63D20"
"sp\blkbrn\town\znt99.cod","4653056","3F3500525B21C0ACCDDB429B3BA93E90","7061946B7A2B579EA550CBE41BF12C012563FE26719317ED77DAC6A89DF2C8B9"
"sp\blkbrn\vehicles\convoy.cod","10092544","3D87AEBA66C859146C355933ED6850B8","5AA67D32A1DF8F478424FAB0186557C8C1B63620D7604F166D815548BB980904"
"sp\blkbrn\vehicles\kngtgr.cod","4980736","31AFDB426EA73096587C08F3098F2732","FA163DA39C03294CA60A4A375A9E5578DE753154299A0C8215918944AF95BE87"
"sp\blkbrn\vehicles\planes.cod","2490368","0FF4D11E4E1D24D6C865E792C765CC64","650B49E7F18ACD87A9F97D2B5CB53C6FC1F5E914A230F7619E152425EC892D0D"
"sp\blkbrn\vehicles\vehicles.cod","17104896","513C7BC8FA8C140754F7F1DD78D49905","4AC03DA39DB074284CE32F100046B73DFF32273BAC3AF04FC367FABD7FEAAB26"
"sp\blkbrn\weapons.cod","2228224","649FE8759D7CB530FD0483C70B00E773","56FFB5C0C4507BF2169C779A1E579648739FAA5AD04CB3D1580929C298D065B4"
"sp\blkbrn\zn01.cod","2686976","249DEC8B8CAEC9A1A587F2C004865964","BBB0698549AF8C9F75AE4A37ABF35FF4BD780B354FDA1902BAE5BAAAA57777B1"
"sp\blkbrn\zn01c.cod","4587520","96C8113D135682C0111ACDC1D8A6CD3C","9080C23E9548331F0F07857320E712A81BFFD098FF884B1D4407B94AD66673E1"
"sp\blkbrn\zn01v.cod","2293760","200BA4186D1963031EBD8830F10E079F","58A095174A438DBCA9C13603234A47B161A24A1638FA4F1CCCCE068BA7C8F0A5"
"sp\blkbrn\zn02.cod","5046272","4C5A79F216F3EE7C26FF0288EBA0FE3F","6C71F4772823B77FCCF75D7BEAA9E012AE6788F9DED5DB47F0AB9349BD4E32D6"
"sp\blkbrn\zn02c.cod","1179648","05D88CEFDB299644653D89437B0B41BB","FEAB55FB2902E7F107115FC75F05ABE35C8FF7360AB3A6982B2420F81803A855"
"sp\blkbrn\zn02v.cod","2490368","6E3A943C04C221F5CD58BA03272D0759","44259A4B2C34196C6034648D6DC43340515D7E26D99EB0EECFFAF66BBD8D226E"
"sp\blkbrn\zn03.cod","3735552","A956477978F555A68015B65C9BC1F38A","FB616A5603852C419F87B56942D0989D5119A696356DE16E15EA2CC61C044EF9"
"sp\blkbrn\zn04.cod","3604480","2D5A9667E0F46244E17BD86D7CED9852","3FAD1F0BB14709DBFDD07F32614B25D52A2C53F3BF86605A7D809F0921A9EF76"
"sp\blkbrn\zn04v.cod","2228224","602885CB2759055949C83177277A2948","6D015E24759B0C8EB7EDFBBCEC30AF5626D0DF131D0F2C516CBCECA9DE79FB03"
"sp\blkbrn\zn05.cod","3473408","538DE8B121E924369D63BBCA4DA8C337","290DD48E7DEAFC3DAD249709151F1767524F23DC06FC09D26093641904523858"
"sp\blkbrn\zn06.cod","4259840","B4B50E4C809434AFEF8EFCA949AD460C","26DF6B0B1028B2091DBF9EE3EABC1C945D0B727AA5A541E93C60F4669E65A0C5"
"sp\blkbrn\zn07.cod","4128768","85A3122145794C3A92F5ED8F8269986C","53113CA18341D60F274325C9A7079281B4AAFA7A001F9BDEB2A6463116B10250"
"sp\blkbrn\zn08.cod","1507328","58C5C1E6C81E4488750D0B5D20208059","B97235A05D5B9C7A7BB1A7F70F07D03C5CD8E4FFCF36669EC8A913B3F2C57A07"
"sp\blkbrn\zn09.cod","5439488","E7F9C519AA26B800B7E65D2C0310401D","60890CA18E0258BB81F594C253A4406374434AF82101E55FCBAC30D32086EDEE"
"sp\chambois\chambois.cod","24641536","E406D1C42F1E1D6BEF69EC8898020A93","E7BA573CEE97EFB673E42520076C88BEC8FBCD35FC86FB5B323D0F210470DBAC"
"sp\chambois\chambois.dll","2297856","E961B5C0A46996DBAA30ABF8A6092709","09AFAC8DF9109B1AA6212B6791D3E84D9B48B0C02581ED431D009A87A1ED070D"
"sp\chambois\chambois.wbk","40108032","0C1DFE97A5ABAB4E7198CDF45A636865","92200BF5764DBAE501D192D69D86F379C6B38E59AC07C15F5A788DEE9F8239E7"
"sp\chambois\char.cod","22675456","D16E6F46862412BAB567A509F68DD898","857A2E147032A53EA5A27A9D8CF65FB21059ED1B01D6AE0BAE8B2AD9B97F9706"
"sp\chambois\defense2.cod","21823488","D482B4A7FC4879F76DEB9C36E64037D8","64EF86138CE2656428281EC1993DC406D6E649ADE0B11865A89FD3FF34BE453A"
"sp\chambois\extra\zn08.cod","3801088","AEEA62A2FB926F5F0A98B24E57882B94","4BD7774BCCF6B7D887326212AB259A1956C4836E6E2B2ED5B5830E1725745502"
"sp\chambois\extra\zn10.cod","3342336","CABD2E88792ED3295EECBD08468DB2F2","A7BCC0AB4556AF56A0EDB7A8881578098B7FD3AF36DEABBA43AA99E60F597897"
"sp\chambois\extra\zn11.cod","1900544","E063F553926748CA08089E091AE316AF","DED50250E333E7D89853375036131BA2D74C17702CF43AABB46D788AEB9CEE91"
"sp\chambois\extra\zn12.cod","1507328","202DFAF651C070F7CB85B4248D2CA3B9","AD0A4261DAA2A2146085E487C1880E9D5354379FB76107F17F59274642132245"
"sp\chambois\extra\zn13.cod","3211264","C400BC1583258804B21DF5E5D911C3A0","924E1128532B5DBE7551A331FC2E1FCE2608DBF112BF10E35A06FCC44528DF0F"
"sp\chambois\extra\zn14.cod","1507328","1B2B0C20D0871EF6C3F776C5003A47BA","29170573164BE7B8D155D0EFDA01D47B2BA61E19904AA0F2A8F5655FB801C935"
"sp\chambois\extra\zn16.cod","1310720","624BB5F061646324D463BC8FEDF635B7","6004D3D225952C956C2EC9A1C1D196B9D6B64C22498943DAB77F4B9965C6D22E"
"sp\chambois\extra\zn19.cod","4259840","45009E359F2AC3DAC4F772477429E367","624233611D014855813B6F7388376A375B80FBF0C6EAFACFBDBCA870845BA713"
"sp\chambois\extra\zn20.cod","3276800","C9310AB73287F84BE68E26D86C06A9B2","743B7D1CD600C2E53B5004A566E4F6EB80F587DDDB5C550E639D5ED05CB8B8DF"
"sp\chambois\extra\zn24.cod","9175040","37C6207256963A2BB828BE7F85280B0E","A32DDD772E0FFCF361ABCE5443AAE620A2B32FD11D98FD86B582DE5BE76D9852"
"sp\chambois\extra\zn25.cod","4259840","319C1197BB0E4FA0653EA5DFFB598C13","5DB812B5526B2A3CDBE796968C444F735E580CFAD96DF9FEA57877D103462556"
"sp\chambois\fx.cod","3997696","820F8AB27E061991EB11FB091694D2B8","DB9FE6F0E9FC47106C3EE03B816B42BBFEBEBAAB4A47C072D2C7C441FD5BF807"
"sp\chambois\lod0.cod","32768","C6A79C22CD2987D076F757D378DA7729","D1D2B22E3CC49B619E2F38CAD906527EB3772ADAEB7B174876348A682C2D0366"
"sp\chambois\trucks.cod","8912896","9CE3B1C145E521EEBE660647874229E5","66470E9A25B27004ADEC06162CCC932EDD7E22C53193CAD826AC89F67E672C3B"
"sp\chambois\veh.cod","13565952","61836FD2D4265589CB3D38DAABE932CB","AD35600187500A324C628940A9CD4A8552CE3A5AA8EB25C1166CAE85BCC2A238"
"sp\chambois\weapons.cod","25493504","DD22E4839EACB6B95D4A82818308629E","7FFAB8139B8F7D63E01A19443B91F457FE969A15A1A089E53C99FCBEABDF78FE"
"sp\chambois\zn01.cod","6094848","B248ACBB5612D99423D2A209AC83A3E6","F66E6567767A48E297911E272B6354FD2D24732453695AA97B0CC591D52FFDF1"
"sp\chambois\zn02.cod","1507328","F1552B469B047C08D83017DAD6A52F5E","B3F87295FA197A8FEA3259EF129D88A781FA51FBBCE24A9F1F218E38794F4B3E"
"sp\chambois\zn03.cod","1114112","EA71025E81B6DB2B424C370FDAF52531","1A6FB13F3F8E8BD5D9CD3938CE8FB1D67CCD8C707DADF7E4367E83CFBD772CFB"
"sp\chambois\zn05.cod","3735552","2FF4A2196841E8A61CE19AC50E178076","CDF4B7120B17B53AA4623D1E2AF839964BF2B953C3829D8612F6BC9F92B0943C"
"sp\chambois\zn06.cod","1835008","4BB62072E58D803C5C584037C4D157EC","27409625A787EEA9AB0833C66B0E3A232C845F1917DBD65FCFCD2488C805BE8F"
"sp\chambois\zn07.cod","3407872","141F2973BC13B2FEBF65E0F01DAAFE84","19414C43E36A0972C7D229A580D0529A5DFC2EBE9B6CD2F1345CB5A410DE72EA"
"sp\credits\credits.cod","720896","A884FB7390981420349847F9588650E3","FDA1C9D3AA5178CFF7D156C9FD1BFE5C7FD9C070AF8D40DC2C7F3F35668E6C3E"
"sp\credits\credits.dll","1970176","D4659295B88D74BF0D96290DCA5BA47E","3AED2B31E6EA021D68F7BF35FFB12160908C11AD4E5F82BD45A33DDDC63C2C7B"
"sp\credits\credits.wbk","65536","1B0EEA7A6F47EFD9B01FE360B1E1F6F3","13E2C7C24EABA62F90ADE290E5E35A3D95A8386CEED0306747CB8794D88931F0"
"sp\crssrds\chars.cod","27590656","BF6E111C8E28EA4AA915227603F8574B","E424405382C4D62C1FCC95063F316412BF4FA00EECAE7A89AA67450A5287F5B3"
"sp\crssrds\crssrds.cod","6291456","D08901B7656FF6AAA9DFBD1EF9CEEE3C","DD91DA26FDF6681B61C37A07C72C416E29E0061CD199BD5A49C4FB37DF2C3BE0"
"sp\crssrds\crssrds.dll","2330624","8774B79C23B4F0B3E1967CB6D2C1632B","CCA5FF674D8358F41AC8376F624697F5B01531ED40D05082B9EC191C3271595D"
"sp\crssrds\crssrds.wbk","33751040","7E3D8035BA33BCE86CD5410A2F5C1A89","B60DA124CBAA6E349A30845A67F36F81327D712BD732F6949AA65DD87A50E185"
"sp\crssrds\dp_1.cod","2818048","D0582E54F32E1614DC5EEEE1AC5F8CBA","61B605B1E09F766B028B7EFCEC004FAFEADB404EF7FF696831497F100DEC0ABB"
"sp\crssrds\dp_2.cod","4063232","7CBC2AA78F30039410CCAA8416875F31","CA49B7E008493FF60974D2AD5FA88C276D3599C9EC01C43EE2BE04A56D7C9C12"
"sp\crssrds\fx.cod","6029312","7A98AA58F459BD9FA4BF4DD33696A5DF","1516C4E321553AB721D481A791B81E151403E025FAA6FD476EBDE78DA59EDDF2"
"sp\crssrds\vehicles.cod","10747904","A6B6692D0EC87DCE5E9644A695B6E6A5","B933B3758780892C1E648F00F2366F258A1482046C9CC61E421430A8B9938D5E"
"sp\crssrds\weapons.cod","18481152","D60F31570EF2D5A87E7D23A4ECA8A1A4","D08CFE12E7894DF9B7B7E198EC6CA5F25FC5BB245BA67E7C6EE8CAE2AA7A7039"
"sp\crssrds\zn01.cod","29360128","9ED6DB768F1509FD71EB40D436988D44","ADC48FAA3FF428963F3EE347A9FD87EC1BE96575733DD565AEC15CF06ED59AF8"
"sp\crssrds\zn02.cod","26607616","E932BCF179442D937216A1EAFD0837D0","4078D569B46447F87BB66B24D0AE15F37EB0FCE455D006164FE4DDE0298B0032"
"sp\crssrds\zn03_a.cod","16777216","28D02ED8179F0A39CA5A4C732E47E9F6","1E3E64A425C9EFADBCE9FF09A5334A95FD33A20197102D109B67C9631EB4EDF0"
"sp\crssrds\zn03_b.cod","10289152","71340BBC56E06BDFE8FF8B07D7473E23","37B02E37518CD7F5C9DA4EB6B8FAB163B2D6594F21095037C72CDCE566D85699"
"sp\crssrds\zn03.cod","39387136","AC4E4063127886EDE54D11DA71C7D07C","1C04519F93C31D9FB4D326918F37E0318DA216424A2E53489D9CB9838B718EC3"
"sp\crssrds\zn06_a.cod","10027008","E0646C108B48DB2DC4DB3B6CAB372773","D7746D7EB0B0702AF8A1DDBBAAAC3B51B599C86D44DD589D557D4EE9CACF4CF6"
"sp\crssrds\zn06.cod","6422528","ADBF158AB251E2ED9B2B89D2ECA6ACF1","5424DFB534288A767E07596C4124573192AFD0B380C71C28A9F1C46AEF34732B"
"sp\crssrds\zn07.cod","41943040","846DF3A7F0DBDDF2911F615A41987B6D","198B7C7D2468EF2B5C68BD1F69AA252DE9567742B52A42EBE2D843BAEF9B4F91"
"sp\crssrds\zn08.cod","18481152","11D514BFD954639AB4D409E08D34C326","0F2D041479BBF028229D800A751533034B2E26CBAF6EBD504FD2436F9FA1ACC4"
"sp\crssrds\zn09.cod","46071808","388743667A64098C158F60B5C1C5DE2F","CC456B975AB706E99B805C571ED6E6925DA1D713F174D6D59E516ECEC9F19224"
"sp\crssrds\zn10.cod","17891328","030FA79D0A0987DBD5456D7FC1E41422","2C44F30387BE0C7CE5035E3DF88D259A26D5C9869F11E60BA657B6E6B0C08893"
"sp\falaise\chars.cod","23986176","B8E836511B6D2896ABECF42139807983","73EA44244167F29481EB5F00A20E478AFE0046FD720D6C83EB35827682590DE9"
"sp\falaise\end.cod","6160384","7D1FE65AF2D876E20259926FF50EB47E","4603082247E8B5ADA497BE28CA3C5B7141F3ED19AA0CB66D6B6D5F4D090B8067"
"sp\falaise\falaise.cod","15859712","EA6886A34657D9925D88B54FBE8A61F5","EBE28DA3274050549015FAC4B4CBBDAA778EBECDA843980253CE60F5CC7D0E79"
"sp\falaise\falaise.dll","2232320","8E18B65AE91EFBB67651838A4AA62305","3C025B9ECAD3C33D5F1F526E80E3EEB4AB2A5BF3BB3E1C9B21466569B0B02556"
"sp\falaise\falaise.wbk","33554432","6338FEBCF90E231314CC34D9485AC182","F0B6CC94DC2A9E107688AE0556F353DE8A406B8708EB4A4F4FA07DAEB1F04940"
"sp\falaise\fx.cod","5701632","4A81221E1BF702A2618A3CCB6C34A031","CA6012A189A01A48E847F495B9E7DDA4753A757B809A09B08FE23D2EC5427DC2"
"sp\falaise\town.cod","131072","6C877491F54E7977AC6544A7F17398CB","CDE5EF59BC8EA671E90DFB2D7F34FF70C6E1237F31E948EDF5A185450476F75D"
"sp\falaise\vehic1.cod","17170432","6EAAE19D98B94868A938EDDDB27D44DD","9F0A63A011145E0815FC5F202DE2477012A31BC387858F5B9F3442BBD5C7B4D5"
"sp\falaise\vehic2.cod","21954560","50F8F80F138642958EC99C20F6E95B8E","F67272745BE9AE8A6B17D2DDBDEE300542A29BCF204C7C5D849EF61C71DB11BC"
"sp\falaise\vinyard.cod","32768","93957F83640011CCC64616E5A2390D5F","0452DE2C2B0097FDC465BB95B3E7C199732D532F9BE84D1BBD9EC6E7C4A239D2"
"sp\falaise\weapon.cod","18022400","25980708EB60ADC19F008CF29F223BEB","2015DDDFF46C9D554F89B175BE3E2994939A827C76B1525F2DFE943B19DB4E68"
"sp\falaise\zn01.cod","196608","A3B2C707755D087D81301EACF2E61BCB","6FED57F4F3E599AC832D0E7D90AE721D3F9BFBE29D3198A8914105283A672FFD"
"sp\falaise\zn02.cod","3080192","693170C9C79D5A230B8868CE62191669","00FBDC2B4131AA034C1B2CE6B1A07900ABEC4E7CB762C9C2BE0F989B3E9AC27C"
"sp\falaise\zn03.cod","2424832","D9B46113599A1DE6171A84FCFF608609","79759495ADA00F6622825D544E3E34583E23B78C209B6F25181ECA9922CF40F7"
"sp\falaise\zn04.cod","11796480","4CA2FEA0802ED3788E6A2191C1B7E430","57D804260B2963E7C2B434671773C82F411E9B28D01AA4511B539FBD7C9BE4A3"
"sp\falaise\zn05.cod","24969216","52AE0EC45E49E217501E8885194E85C6","A01F06996C8EB32FC30EB5D7714B9C963AB865617186EDEC1BA2D16580652429"
"sp\falaise\zn05d.cod","4653056","B6DFEF4C81D23706026075D45E975A8C","ECF09F7D912DADE109DB3C7E2BBC4F33FDBE47ED25E6EE2C35450A8B9BBCEF5E"
"sp\falaise\zn06.cod","13762560","E7EFE7604B993D2CF3B869F9CA47A654","C7EC28DD493E0295026B340A8E044960E43B049BB1847E09BE7E01F50AE4B6F2"
"sp\falaise\zn07.cod","9699328","FFBA5D4862FD2C6055B271081DAC0952","889F8AF0354801FD48DC700E1E1BD314AD077C8629F3627C08AA20F56BF9C82F"
"sp\falaise\zn08.cod","13828096","E01334B36D8B282D0709E56C22949BFA","AD4691A42CEBB2A977D1A8FB09DA63EF6F7889B65F62DF8A827F909107045765"
"sp\falaise\zn09.cod","5898240","2A711D8A88A0D30DF8621054D1FF5405","0B18DF886665E098B60F184A4B8D42DFCDA6E4864795FA5F562B51E65DD14E67"
"sp\falaise\zn10.cod","7012352","0E662837B69719A3D473E43D8855E5E8","E1A3F81B8539C33746516BAD0DC3AE84BA7F7B7E1AA1531217E610D021FC8634"
"sp\falaise\zn11.cod","30081024","AA8D3D6506A2C31805C252298EB8CFC1","FECD4798937188DC11026D84C5216BFFC6914AC57FE5042996651BEBE2533D7B"
"sp\falaise\zn12.cod","1114112","8A6691D516BF1DDA3033312FEC01EF63","F26A0F4A2524E3D2DC5537DB4848C0E77AB42B59CAEF02437FF74FE8331891B1"
"sp\falaise\zn13.cod","458752","A7961AAC573DF13ADF26E24128029676","F12B40138FE12DB000B99C1163C278BD8A8764B6755FCE37483E2201A1D3C438"
"sp\falaise\zn14.cod","5636096","CA108AC31593A94C21719C3AB1689867","0AC46C8939AD4FACCC6DF0997A178B4906BC4D5C24A47D529D2A15F54E8D4F0D"
"sp\falaise\zn15.cod","131072","97114B2EB0B19C9FA6AD8527FFE6033A","2C7E079DA4F0F548FA162CA5543BFF33A352E0194B3AEE3C10E228925C8552F3"
"sp\falaise\zn16.cod","8650752","E38574593225C7C85DA74D3D8CC6C743","B65B2E14ED2E7A5F16AEBCF96D7C5DE0675EDFFE86F22316A1D94387088DD7D3"
"sp\falaise\zn20.cod","1114112","6B6305B103A9A8784BAFBC81A703ACD0","3FB4238017826387AC0C6AE29B213617A317565C7DA5B89A11316DE65EDC697A"
"sp\falaise\zn21.cod","12255232","1B999794CDED7552B1AAB51300C492FC","6E2133E37A7B8DE1DBDECD46CDAFBCC271A94014333C917B41BEB44C0E2989F0"
"sp\forest\chars.cod","28311552","8EE525853B0A9BA916C25C17D3F23BDD","2705F14ACE00B4042DE83675E345AA95D80B3F749A6DEBD2DAB14703EDA63155"
"sp\forest\forest.cod","23724032","FB80C118196DC727ADB9F35819484871","293ABD1B90E4C889B9F1473C7EB8AC2C2F19E9CAC03F2A70D1BEDC5086B862AF"
"sp\forest\forest.dll","2166784","4659B536A8E7CBF45B6D8901E380CF6C","B883ACB4DA1B7E2BFBE6450207AACA53DEB094E48D5CF34B675425320A7C7606"
"sp\forest\forest.wbk","26542080","AD0FDC753F835CDAA7A5AA7C0A071FB7","80B00414120C95B7AFE3784189275E084E63D9DBB7AF8719CD587108992192A9"
"sp\forest\fx.cod","3604480","545BAE2341B558CDCBDF1406B9861899","562178598C3A1538909EF4DF2EBEC4CBB439633D3F4119A7F7F9C206953CE32F"
"sp\forest\vehicles.cod","2621440","0E3EE4120B486554A770EA41CEA5DC50","BF630944F5308BBF117C30D12B4BE6FC3549504C4D13D9D11B3FE160EF7F9D5B"
"sp\forest\weapons.cod","23330816","D9C8CBC604983ABA796454B6A63A4083","9CC0EA47F0901FAF4BD00BFB39152346EB13B0B1A83FF362FC455F1C43809457"
"sp\forest\zn03.cod","4980736","754CA1A4ECDC62BCF92F05F2816F5487","B1EA3198C27C0C4EA5029E46C928D45697560EF17FAFBE2751944E5225163FAC"
"sp\forest\zn03e.cod","2162688","9FD589D31CC12C7F660DA6F3AE3ABE58","CBD3720C0E55FF1B063A991D524C525DF23107528EE44776CCC4F57AFD1EC43A"
"sp\forest\zn04.cod","2818048","AB14B73A9CDF4FC6B64BDFEC6FD7CA4E","8F402EF691ABC1212C7BB22F201278ABEB95544FD19324C697695FA4F8D5BAB2"
"sp\forest\zn04a.cod","6291456","EC30D1F8AA1E926FF68E8FB98BFF3434","6FF14B74D727B0468D69EBCAED078AE06F6D2B01F9A584B68442749E9C3AE5FE"
"sp\forest\zn04b.cod","1507328","AF014CDA9E0C5E234FF7AE9173E1EEBD","1145FE3F9C9E4D11310505A9C351A69AB6AC83821C74AC356ECF431E3AAFC70C"
"sp\forest\zn04c.cod","1179648","42E175F489AB5FBE010AF3ECE0ABBF12","F6B097CF6E7CEFF44477042D588FE96836F06DBA3593AE777B3787919A9499DC"
"sp\forest\zn04d.cod","1441792","6A27B97C4232A787C9062593AD1A0C35","6805C24A0097C1A6A9A4DC89280820BEB461AF03D59A588F7D01C02250799096"
"sp\forest\zn04e.cod","458752","63A043DA5AFDB95CE92B0AEC280E3472","07ADBA35C1A4932C3BD8ED1950FD158BCCEC21B4874D935B2AEB6E9D8E92D3B2"
"sp\forest\zn04se.cod","1179648","FE9A45C82E6C2DA40A419C6C1A4FFD87","569641146BE4E6BC8446626E0F58E2A01A55C16293E83DD8442BB9B88FAB3C85"
"sp\forest\zn05a.cod","4325376","74DD1F8F48146692D7A79D4908C03A5C","3D538F773B35297954CDBC7C8B2C2DAE41BEC78177EF5956E00766CCB3D45371"
"sp\forest\zn05b.cod","8060928","03636C572FFD7FF1EE47666CC1F1AB0A","3F80CB98689562F4D17C0791563A5F643EB7115E2734CB71274045EF6BD14C84"
"sp\forest\zn05c.cod","1835008","3AF0762B45987332593F10E7896FD5E6","CF517B5C42060DED25EF153D4AA42FBEA456A91528231E4CE62D6BE84161B230"
"sp\forest\zn05e.cod","4128768","D390B4EA3E71A189BC956A3F1395A3B2","00CC8FCBAEF3AFD0933CA56EE3E87372079DE9180D069220F3DCA1A44728FDFF"
"sp\forest\zn05nw.cod","2752512","08977326A82F1403D6BD8BDBF54BA2C7","E40B5E4FD9425BA6B44BD7D065781FE1AB3F4B68812242FDE0ED8F73350A670B"
"sp\forest\zn05se.cod","4718592","DF0036C3A8DF71B4002AC2AEFBBD2E7F","341394496DB4BC27484B18687821F8C0C64119FDA312B699B8140E544F914E3F"
"sp\forest\zn05sw.cod","1048576","0A4A04D366989181EBCF0942AE5681AF","5F3CF58BD807714D4DF360262EF12BA06A8FDB36AF2C9F4441A6868BEB34A763"
"sp\forest\zn05w.cod","1376256","5B5306C070609EF321F96A92C1E20AC9","D58617A3AE9C8417CC548B482AE3A6D18291625BA8612AE2D08A4931769C6888"
"sp\forest\zn05wnw.cod","458752","E26921EA7FDDA564AD2BCEB289D834AE","DACA6A6EC7F9725152B012D2A5E90A7DDB16AAD0C63A16099870A73EC1737913"
"sp\forest\zn07.cod","5373952","B682CDD83EF6720D90E4C39EC0B92ABC","B6248B8BF9AC87509ECAF23B4AC9FED22F6940BBBB823B316C5C13FBDFD5B765"
"sp\forest\zn07n.cod","2228224","50DC6CD9B43E8AD431A4CB9C6FE5F9EC","919BF2C7B94C39034B522A335D8B735098F8F0AE4E559487B5BB8B6A14BF56BD"
"sp\forest\zone2\zn02.cod","524288","0B641C726484A3C187C966C1D7C2CC91","99239ECC93A95455FA439C1D86269E3835725A6247F4F47477213545C1E75748"
"sp\forest\zone2\zn02e.cod","1703936","E4E932A95818AD16DFCBAE889BC1E085","DD6F61DF8E3FE4B54CBA6567C7D33D949C01EC91A4F3600A3C3FA65807A2C74D"
"sp\forest\zone2\zn02ne.cod","8126464","F0D071A89237EB26985E791BDE63AA1F","D5EBB6440E81FC0E69335786DF6729E5F0CC6507F86626434D28D4046B18D418"
"sp\forest\zone2\zn02nw.cod","3473408","C2D8A9E981605764FAD24388D4840144","5FA904D823155C1DE110497820D2317690644C7F60CB3D235A2D69BE7B23F677"
"sp\forest\zone2\zn02se.cod","1048576","8A0B1EF31A90FE1326E9EA57D2514101","3F798BCE3C7360498E524299ED25392350C6534799423EE683FD2594D47EFD22"
"sp\forest\zone2\zn02sw.cod","458752","8C41D0564F332297FDF210547CEFCC43","EC8C923E26F9AF30D39160F3EC62E2558896137DD3BDDA3CE7490554853556DF"
"sp\frontend.cod","56623104","7AC8C829EC0CC41B267DC4504D75D023","D01CCA9E1B8240879087AF1322115C712540B368950C6758A849D9D67FCE156A"
"sp\fuelplnt\chars.cod","29949952","988E0F6714D83EB0A1A346325A6B6E5A","D5F89EDC19784B10306A30530D8BB6217F570AAAD386778E12F29E97D5C8FB4E"
"sp\fuelplnt\fuelplnt.cod","29687808","9E8742C86F4169B852F14D20E24F08B3","902949A59910B00E9BD9CEF245B50F3ED3FEC52AF50876C07688810B85F36C8E"
"sp\fuelplnt\fuelplnt.dll","2166784","85153EFE54024BAEE479F22D12419F2F","A38E57F773ABD2FC3E355631A4E725A91FCC023ACA872A99286E23302A62BF57"
"sp\fuelplnt\fuelplnt.wbk","36110336","6F4271E226A08A7015193C8611D21187","900D5191F087E65B12273FB95A767D841AFC0F5F7289FE174B930DEBC614A3E1"
"sp\fuelplnt\fx.cod","5111808","FAFF4B9EE4E00A11A9DAE3F94CE76489","3A2D6ACFC9EFE847CADAA849DD0D616801212A44D49AC3336F356D0A68A8AA56"
"sp\fuelplnt\melee.cod","524288","0777CC780925D8C9DE3B7AD6ADAC295C","38B29A74B4952842A6E1B9D9B891A4C82EB2ECD69D87D40454F0A5FF6705C4CB"
"sp\fuelplnt\office.cod","1835008","1ECFBAF6ED9AFA44CDB6606D2D4FC63F","5FAEEA45E2DA982933A1E9DA8C7A56857AAA149AAF3B7748A176DEA8DDEFDECD"
"sp\fuelplnt\smkstk.cod","2293760","B04C9B20F07163EA98EEFD979CEBF1E5","434EF5C507C84515DE0A3D71613C8F30705163BCA061BA7D2FB227D63A1B9D1A"
"sp\fuelplnt\ssbz.cod","655360","69DEABDD8846F1ED027EC8B0F8B800B2","B5194664E9C3169858F80CE0FE47D1026D2CEA55D2708777A722DE1B7683E51B"
"sp\fuelplnt\vehicle2.cod","8257536","4B30CBCF68A7F459FDEE69A8D45BD3B2","97FDBA209730706C9DCBAD1C8312691B478BEEDBF127ACD2EF72CD483A7F1EB4"
"sp\fuelplnt\vehicles.cod","19529728","C5B2A597E737F9C54F475E4310D77120","0C44112284D2B0F012A7E9D3BB249E29B137EBB5F083D9115C02DE3385052C2F"
"sp\fuelplnt\weapons.cod","22020096","13EC2412B002BD0676614B5DB97702E5","18A45ACC8E6D88949BC17E33B84FE32FF1BE9B1A0431B23520A23579F15991C0"
"sp\fuelplnt\whbz.cod","1638400","2BF528C2D573A4E8CF342C275691D570","3BAA4AA6ACF4BE526D3C2D9C88C6108CCB693CCB54D0C2BE8CEAF31A13D219D0"
"sp\fuelplnt\wrhs.cod","3735552","119DB2C3FF80E82236A429DB536F6F6B","639431667B720C51AF51F0F63FD101BD0C362F1F8460A3F8852C1DFA9D12130F"
"sp\fuelplnt\zn01.cod","8585216","BFEE01EFCBAF3FEE839AF571DB62230D","8EC8C0A26CB3D950CE0C3E3FA6FF7311969BBD7C5287704331119FBDAEB5DA36"
"sp\fuelplnt\zn02.cod","4980736","25E5BF7FAA8AD923DDD6A002C6F938B8","66B5755A9A761980343CDF14E34C9F0CC82BAC7821B3B6562A7FED4420051104"
"sp\fuelplnt\zn03.cod","4128768","43210C2E41282344A29158026114F736","8A91896AE642FDCC87638115F2F8C0048144600EAD001E76F89BE5AE09ADEF54"
"sp\fuelplnt\zn04.cod","1638400","B4AD4CE96EB1EE5B498D447E0FC408DC","0BC79A9C171C7759AA4FEC52DC822DA4EBA132AC7C044EB4D423E1719C18419A"
"sp\fuelplnt\zn05.cod","5439488","B7205EB05CE6B25B17EF7DDA513DD123","285F6766CB15104E14553079C43152ADF3ABD66691D939064C57FABC34A50807"
"sp\fuelplnt\zn06.cod","2883584","21A907BB02BA89BC139393EA224C2954","7CC6E06C27CCE28368C11D290D812ACD4327F353049A3786CC1E2DCBFCFB4674"
"sp\global.cod","8126464","9D6B7B901B8D1A3A9277774C802CB125","B71FDF09A39B635D0B33EC29A281A5D5713DF219A800FAED7925E8B1FB9C67DC"
"sp\global.wbk","121110528","9837A317E6CBF47F6D94230A76C92AB7","3EBAAE496B549079D44B586CAB1D308F1427D0300E865D2B2367EE0E0F0EBCA7"
"sp\hostage\chars.cod","29294592","9FFB7201D19153DA7C4D3434CA3ED6F3","1306614F333E4182A6BCEDFFC119F074331AD5B9B01279C43B35AE7513E8F57C"
"sp\hostage\chars2.cod","32768","93957F83640011CCC64616E5A2390D5F","0452DE2C2B0097FDC465BB95B3E7C199732D532F9BE84D1BBD9EC6E7C4A239D2"
"sp\hostage\dyn1.cod","5242880","748CE16FBE01FB30DED9300825180C98","37924F6DC79C1DC23ED1DE84FA3955000CA6447B61CD4346E9534E4F8433DB8E"
"sp\hostage\dyn3.cod","6553600","D76B2D15310A88B1480D855B62004DB8","0E8518901D13CD4FD76AE6203AF0CEBF03A432F544C2E054E9D1A6D3BB7E5511"
"sp\hostage\dyn4.cod","4718592","A43782E3959A3AF63187CB2F6D289390","EB13DEF6342E5BB41D484AFB29744AE41A23C451663DB1C1F807C19B8974D8E8"
"sp\hostage\fill.cod","131072","663CC7701B7D35E1DA7BBA26240D90E7","20137B6E360102DE519AD7478F7058C4FB154C0D4EABC336A39F2592B8E0F63B"
"sp\hostage\fx.cod","5963776","48154A4E31A7175748F3FF026748EB66","842EAF2FA9ACE30BE7472BB27EC833F80032F5F3D0F6F9117540331751AABE99"
"sp\hostage\hostage.cod","34013184","9098C5943A7071C60B6DFF571F9125A1","56BF2B22E5BF7A4F218F35F271F2B0EF25D27DF8181F7D11A07FC7D11326461B"
"sp\hostage\hostage.dll","2265088","85DB4CA168E3C1A82EE00EA3B861AA2D","0BB88A229D221031EA77A9B30B8EC8FD000CDBF1E057FDA8E46A41D65FD6829B"
"sp\hostage\hostage.wbk","33619968","1170E10B01EB5529A48B6D1C517948B6","6858D56B88BD072DED374048D562673CA7744C0BBCF4F2800C08B04A2E95E973"
"sp\hostage\weapons.cod","20447232","39925FFEFAD5B12CA412D0191EC563E1","1E1C6873F0099CEF59EFDE3D7CFB96215B2A8AB65FD2E017C7F8EA32F6590BF9"
"sp\hostage\zn01.cod","6488064","4FD08E4ED38E27FCE6368E00E511A79E","E7835812807B9D93CB6D30C976C6FD580FDD2162A23911510448A928FEF3CD1A"
"sp\hostage\zn02.cod","4653056","F02715BB67B4C23F4F7CEFB38B024685","FD4DFF521B91F0146556C4369210E3686A68A9DE0F5B615F4F20290F9ECF4F9B"
"sp\hostage\zn03.cod","6881280","74BFA9ABE1A05E14440713FF8A6FF2E5","C4432A88A2146D5817176BBCA8C3F9EAE5BB7533748345CB019A9964EC7010BE"
"sp\hostage\zn04.cod","7733248","A58026F1C46F4F4DE7F664A9C80ABF62","EDAAD24F1F85A5A7376076714A25FB644EAFC3B23D9F080BCB68A4CB0582657D"
"sp\hostage\zn05.cod","5308416","1FE3B2E7DDD9011E2750CE06C507329A","A7CD69D9383D0B0618A0CFFCB3B6903EA09A8BAD2D42AF5EB6751F20E9EAFCB2"
"sp\hostage\zn06.cod","5242880","46A27BD94A8F687CBAFD93A599567ADB","AC7E9D1FBCCD8962B796C62C7884F3A42B31F6E495DD43B4B2D39CAA17C0E23D"
"sp\hostage\zn07.cod","4980736","7E978F907373F4857F609B3924180FF5","453E89C88755B2CF91D0813CDE9FDA6663152B3912BD6F6C8E6ACFDE9744BE10"
"sp\hostage\zn08.cod","7733248","DCC13CC86EAC6DCDDF3F93DCD26C8131","92CB7F4B2C1FC28CAD4CA488101A48D609F79D0828632FEC5185F3BF338F258A"
"sp\hostage\zn09.cod","9830400","367AE2C7C12D1C5619B4AE723B38DC8F","0D9705A745A4DE5B67FA3E8BB5F572193876C97DF62E90FF1EFBF2C1D16536F0"
"sp\hostage\zn10.cod","10092544","AC9AF61EA490E3636B6523D7DE6FA26C","9EF279321596356A2311DB2CB0D25363CC8BC40B9572FCD63F845F2A775778C4"
"sp\hostage\zn12.cod","11337728","9DFF0603F5AF4A468859F3F3745AE671","C29714CA90414F3DF303590328593CE40A7B1D485FCBF6D17FF414102ADCC3D2"
"sp\hostage\zn13.cod","13500416","B8DAFE01D90A5EA7452375DD40337DCB","6486444A6AD8CB504B9C5BDA37646A09203E794714DE611555931292C8B1AF5F"
"sp\island\chars.cod","26607616","C135313AF20649657B7FF4E83FE2887C","4F849F4379B393421BE4AD31C7E5F0F4D25105F2524247BBA5ABCE53CCC89019"
"sp\island\filler\znfiller.cod","98304","F00EA801D63F17620CBB56FD0E50B00A","E3F597F97CD70320C331DD3D20B138969392EA24F722929D2FAE75C921C20E3D"
"sp\island\fx.cod","5963776","5F3B7C23ED3EA712F0FA51724FC4BDA8","6D8913F86FA4A980F0395B649A2BF5F27BFFB42FA7FFAB70789737D9B0B6B631"
"sp\island\i_opel.cod","4784128","EFDE56B8987B20412F1EE41C9B4573BE","EDE945AFCE12CE98744113C3A6FB164494D98013E7FD94545ACADB19642EF572"
"sp\island\i_sdk.cod","4849664","746D9D8FF9988BC6EAAB7A65FA37E8B7","D50A8C69C418BB3449EC84DA7039BEDE0E54E103A75ACEC678407689F0F53EFF"
"sp\island\island.cod","22544384","85B8EFA5E48830C7C31FF9B04D17DADF","254D715DC807B01E96DBCE52BAD85803B48B075E15C9206F049E483D7ACFCA5B"
"sp\island\island.dll","2330624","195800A23A6708B36662FFCD0AA8BB16","679A5B58552ABCE1F8EDD80499A56F1CA4480E285734DC2719528400D8CD4A35"
"sp\island\island.wbk","42401792","DD5CEF7373F286D4FBA84DA4EC8590DB","1E01A8517F9F7008A394E1292D010609A64002DAA9DB6D808B18B94C940240AB"
"sp\island\spnin1.cod","655360","51A208012C969B22C474BFA7C660076E","5329ACEB014D95546A671B2EEBA5BB5316DB708CC55982C3AA12EC0F46365D75"
"sp\island\spnin2.cod","1441792","3255DB88E77B7B7160179B433FBA12A4","EDC1840A523EF2EC6BDC1DAE714D16E17460270AB02C63113475D3E02AB8CECF"
"sp\island\spnin3.cod","1572864","2AB87DD5B3978C9EFC0E7ED225D2E65A","38D735B23144774E64149F4AB9C3ED2C0F51F01DD0A6EE4522ECFF94F5A496F5"
"sp\island\spnin4.cod","983040","64286B3EA7A7C5FA4869CD9F97A20F97","5C51F1DB62931C207B583A58595C9A362D9209FB25664DD97AF5C4BAE85571DF"
"sp\island\spnot1.cod","1900544","19A76D5D49743D0206FBDA405DD6D49C","053715D10F87AAEED4D886E44AC8418CD716C1F96203617EE8069C9C063E0A2C"
"sp\island\spnot2.cod","196608","E3FF71B205AC1EC54C6601B4C38A5A1D","BF0B907D6C40E48D9F649B44300EABBC889254D3E71A02DEF436B6AB9F837C6B"
"sp\island\spnot3.cod","589824","1F1AA5838D9D2BA4D011DAF8E21B5A58","7200C061EA698E091C60F448026020320524C64379DD34AC8DB5A74A0ADE4DE1"
"sp\island\spnot4.cod","1376256","2BC785B3ABF25F04B7DDA9B11504F928","D500C42B6FB0C97B9F5DC71992B1117A5BC61369C921780364D6678270B81D8B"
"sp\island\sttree.cod","98304","E6A6D37ECD6EE501C44D362C448BAE27","992E906238D51E4B56446D8144F2C0FD57471525F9B98DEB5AC0EDF4ECFD36BB"
"sp\island\weapon.cod","20643840","388220460125594C03356F58CC7EAE04","A42CE3EF94AE181EC66661BFC639D00602B6353F0C5FD57AE218731DF521F406"
"sp\island\z1\zn01a.cod","1245184","9E3307165A15B375927E5C1ED771B442","6BA0576FB7D34BBFBC68C8F16058889D4F9C30579792966484FF95307ADB81A8"
"sp\island\z1\zn01b.cod","5046272","5B49C2A59AC22E18E2251A711A68A45A","2A87BD3F7322BC99DA2FC0130300BAAC49C80D603C484BEB51F89EB79B29617B"
"sp\island\z1\zn01c.cod","8192000","1AAD80E21E0914D1E7227575DE4E0132","959079E6AE5ABA980A53209E0A0C2F2DBFDE444565FF26206EC91DB2A69CB35B"
"sp\island\z2\zn02ab.cod","4849664","782491241D5895DE4FC757D2AC9B629B","838EBE50FE0352737933761F97F9269FB0AEE8B26E3AC2462EBA838F69EE2557"
"sp\island\z2\zn02ba.cod","4128768","F8650AE30BC52DEE79A52D7FD2C16DE9","9C64F8FD3DBD31673A4E1FC24BFCA3F27198BAB3E790FEB0F52A57F914954157"
"sp\island\z2\zn02bb.cod","16449536","B90C0149386784C5E2B3D2DE046C1CCE","9EB54D6772A2DB12E853535C9323112172F93DD5C055D821DD5891314FD330B3"
"sp\island\z2\zn02bc.cod","7536640","8EB34A236403BE63162DD820C639D270","0D1A401888CAE0A942728C94619B0018C62084B3BE0A28E52A2A04E8B5D8FE0D"
"sp\island\z2\zn02bd.cod","4063232","2FD80E4A19349AF7FE42C814F4929F96","239E472522A13BDD36E3EE44D773E01DA1E6847D2CA4921450C709DFF637A5AC"
"sp\island\z2\zn02d.cod","6946816","7F149942C377D01A6F1F103539C966F9","C723E56A12E0A40D63CC9AFC6B12DBECDC1AB86DE2675D82FA959F1E8EF83703"
"sp\island\z2\zn02e.cod","17367040","E3FB3AC9F51E6C45688E4AAA94FBA0EF","49F34EE57443BFF403E705BD4D32DA5D5A666C6244B08D49D1284511F3DDAE1B"
"sp\island\z4\zn04a.cod","7929856","6A58FBA9EFA00C2FA66DEBEE35A5684B","C696DB5ACCCF72A1A09C5581C01A7356A12C7ABA56680ADE186A1C8DFB941C88"
"sp\island\z4\zn04b.cod","9895936","F8EE708BF5814FEA4B5FD4359A95BA64","1C5B4E234F7C6A78E02EF6011B59F141C715B987C7354F9D3937D9195777EEEE"
"sp\island\z5\zn05a.cod","9175040","F530AFEEEF4FF23BE2E27A5DFB57DAA3","0EA9825C44112CAF876D3128BEA8B4450DC4BD8D2655333A3C3B685721DE39BA"
"sp\island\z5\zn05b.cod","7667712","B376A28339F44C5D7CE26E1CA8482398","7A06BDFF6476DADCDBB81D60D4CFE603070C46CDF10349C52CEC4F43D653CC8E"
"sp\island\z5\zn05c.cod","5832704","573698FB0277BE8AF830CA9D6D9EF77D","B766CA7940A5D0D54862B3A9094F972FD5E41B561275B57F82676A762C01E634"
"sp\island\z5\zn05e.cod","3014656","863FA0AADBE4D504D9549ACE16CD92E7","5E15F60DA8476F29F8BC263A26DB9F11C4B5764EE51638CFFF54528A25CAE1A0"
"sp\island\z5\zn05f.cod","7929856","D3F2ABB967C027CC0CE919E328858473","BCEE566F3C9CBC6248AFD9C25155C5BA9128C6C164F979578B01F227DB2F4752"
"sp\island\zn03a.cod","1835008","27371A0BCF7A3CBC3806CC08AD187ACA","9BFA77346973A60A85AC598A4E7A295F8E75AC72E404754D6E4F54138790C160"
"sp\island\zn03b.cod","7667712","116DF1EF786620A72C7EF2C21336A5A3","96FCEDB52DEFBD762C420F74CECEFF85662B0C530F2648DB88E98B8DD141A435"
"sp\island\zn06a.cod","13303808","D9DBB05F2E969B1C3D0D57774B3D67EC","3A2D16660842C1EF0F29ADA570FB9C50C15D51BE89998AC67696F0F51047CEB5"
"sp\island\zn06b.cod","14483456","00CDFFF52060908DB2AA997CE1EB4DA3","CD8D3E2FE975690BA3063FFBF7FA23FBDCC2AC00A9FD8F10DB11C5C99C09B725"
"sp\island\zn07a.cod","10027008","5E94B602DBC72AB15D4ED0D67C88948E","D72DC300FC5A70BE7F2BA4C22105AC3A5FB570CC213B6BECED728D1F97F583FE"
"sp\island\zn07b.cod","2686976","A9D821513901C15105B32ADCE3F263CD","CDB3826BB16F1BA44C40F468BD9C78C4F8099F5BA760ADF2E5B37F4B6CDE20F0"
"sp\laison\chars.cod","28770304","0FF6250C9DB4B44DF7DE9AF1DD08E940","C25AE30BEF70BBD8567E778C33B3942C8572F1A26A7D430B202EEEBDA500AD1F"
"sp\laison\fx.cod","4259840","2968B98A89278CB2364B628633AAA817","9117D77E86E93B38AB76BC83E3C9991C196BC7B98E317FE697D8EC734E9E9A1C"
"sp\laison\laison.cod","30670848","03824AE573DC55FA0737811684B23132","833DE3D3873709F92E3EE9D84180C86F8B6C10095C2E454C51F4DF19E99D393F"
"sp\laison\laison.dll","2265088","CE0C3B7721B11486C1443E300B5C429C","CBB29C149839DBD9787D8ACF9BEEB2B802E9298212CDFA821CFD6621A31E7DE3"
"sp\laison\laison.wbk","27394048","A863E8D8BD79357F4EBF3A163DBF6A50","BD528B0B216730218E68992B371F34B353361F8BFDA58B14A9B04E8EA2956B11"
"sp\laison\spaks\zn04h.cod","3604480","D39EA9DF6501896BF71E36758DC95DDF","AF57B1C0E7E4D62CBD4097CCEF8EB0EA5526B16687698E663C9373B0B0BADCDA"
"sp\laison\spaks\zn12h.cod","4194304","DEC077FECA802931BDCF5FCA0AECC04D","2CE45FEB8A54A4142536C642297DBF08ABE45CEFC435EBF117826BB57ABC7951"
"sp\laison\vehicles.cod","8192000","57258FC6B8E8F7BF16CC060750A3A5D5","1CD52C39BDA88D974A68F5D046CEB306C251B7E4006588206707E8484B193190"
"sp\laison\weapons.cod","21037056","0E037ECB234037EAA6A45F721EBAA066","D0637A28A4198D41FD415E711866C8B9AB161F5047D27881F619E07A9A937A23"
"sp\laison\zn01.cod","2883584","A94B3E5B2F42606F0C5D87C6155E7201","AF8836793713E18EFDB08FABBC1A45F7CAFEA374B7AFDF6BE40EABF5A2EE644C"
"sp\laison\zn02.cod","1703936","655FE8469ADB3F21CFB227E5F117A12E","1DD15794F919675A76A532AB33586A417154DBF28280FF73E6C09A89D82606F0"
"sp\laison\zn03.cod","2228224","D29D6AAA1A97983A2E542E82287CF1C7","A070CBA45755C0FAF2DFD95909672FEAC2C0359BE0B9151C1BE1AD280676A9AD"
"sp\laison\zn04.cod","10289152","BB18CAE09D1E8DA3C47616A7BB6CA4AA","0C0B306C84BEBF8802766A5D16481028AB6A016C3A4786EF443D12ADED599771"
"sp\laison\zn05.cod","2359296","A1CE59CBDA652D63A229701B4C4CA45C","38DA14E7698B91BB02FBB4E1FBFB37FEE5646564023A724D92C267E85FD385CC"
"sp\laison\zn06.cod","589824","EB94A53C1AC4A894A80B78A0C8B783FC","B77333D2576E04BA1CECF0AD45D5ECA8C56ED8A07D611B5A57B43061AFDB5D13"
"sp\laison\zn07.cod","4653056","BD58FF9C90E445267F246BC0A6ED8037","ADCBCE5FD25934D6E9ABA3725563095AA6FD692A0B63E2C2E43C1D03D7018D42"
"sp\laison\zn08.cod","1638400","62FB58341AA99F4A762A54C0676E7F16","7C2ED1680200604906DA01E6C8C976E8A864C573016B8EA8BC74A85BE80586FE"
"sp\laison\zn09.cod","524288","9954D8615C13D9F8FD4BF37CF15A9C7C","C4A703DD08083D8693B09434FC6759C559F25C72B45C613CD8A98F6250EAC005"
"sp\laison\zn10.cod","10354688","D9A1169CFA82A553B7056804763B9904","8F297C2EAA81D0B2E12FB0A48FF5C5A6D6C59FED09019EFBB5844B1E7D3F9D21"
"sp\laison\zn11.cod","1310720","F52FEC8E6D3C6137EC78EA5BB6A20DEA","C3DFB2BE4933A0A78A3C319615AF8F59E7505EEEF75387F95C9BD825CDB99D06"
"sp\laison\zn12.cod","5308416","F4448BE3D8598563F1F52A736920CA5F","ADD27CFCA38F85E109E0658D46D9EF47F89393AB1BC7CAA6815CEA111ECB3624"
"sp\laison\zn13.cod","5505024","A68E2ADEF4D2C30867E855360277C1CD","6B17B03E41159D375700FBC198F320C7F32275094E98C09EE9FBA29644FBCF69"
"sp\laison\zn14.cod","2228224","1A787FDC75067DEC61FB9619B4A33287","C1379175A8A48CFBC64BBDAB61BC27888DD5F82B4BF173B391B6E2C58B99F213"
"sp\laison\zn15.cod","7208960","5F9B181A0FA7603D8D789E4075F9EB0F","D452E13F7892E139EE24853A33AD825FDA67A68B5492A19DF7DCF92412D2C9BB"
"sp\laison\zn16.cod","2883584","BD9514844643537104E14455DC2F92D1","7FB34EF8E6F97EE0845ECFB45375303874660695E2967479C5F70D9B51FD284F"
"sp\laison\zn17.cod","3604480","7298395D02CFDA7E866F6E844D7CC3FB","50D6B299187DC71CAE8C018B0D9EB21FEACE92A2A9E5D6197810F8460F659E5F"
"sp\laison\zn18.cod","524288","C83DA45995B5F2E919B73F8C94DD3837","631AFD32C91B33B30EEF2C8FFD73DCCA844E02C4E83C8292A86D70061DE0ED6D"
"sp\laison\zn19.cod","2162688","12E9C22954817F8008D91323081FD048","6DDCEE7F25DD4CDA89C01A80CB29FDD696D54E460791C7336F95741783B6EFB2"
"sp\laison\zn20.cod","2490368","1FC1EF4F585C8CF3C0DA5FBA8207F689","60A02E2EE0A0DB3940552EA75A30094A259DF3BECE74828D05695B6953D1BE22"
"sp\mace2\chars.cod","11075584","D6E4B2A8A52AB4805A7A71B4851B70B9","1BA1E7FC0BDEA66960D413F23AB0CB3ABEA3B895D550E0324E24E3E925275E79"
"sp\mace2\fx.cod","4587520","AECE6CB5C26A7E57021419F42C810AFF","4FB7BFCDB2B59DC9D2DAE0D2E14AE34A852EBF2C7A2C50026A470FC713B0C496"
"sp\mace2\kangaroo.cod","5111808","95CED38C67ED94F4F10D3E7BD12D834C","EF3F930B445D1342F812BDE7850E1656D0F6006323865C17CD54D0876DE0F68A"
"sp\mace2\ledge.cod","393216","A21F6A8ACF122EBBD93DADE068CE4458","4DCFC2E1783260310E11904BCBED8636BF9DF79FAD83DA8184D491C85445C86A"
"sp\mace2\mace2_ch\baron.cod","4456448","A5A482C74C3D96870EE2E613F1226ED5","C66FF875D8BF5CEB0964CD4288CF78067A7101E877439B7E86BE6412E4DFAF3E"
"sp\mace2\mace2_ch\jackow.cod","2818048","C9E723080C2C9542DA7A77DACD4B8799","C4B93968D612A82C03C63AF54BD98BFBDC69B58FF8C3AA426FE75F21041F3FBB"
"sp\mace2\mace2_ch\kowalski.cod","2752512","E91EA9C0F2ABE6FEB427E830769733FE","DB7A9CBCE8192365FBC5B07F48F59EEAC81139B6F2997736D14FE300B97BD1FC"
"sp\mace2\mace2_ch\rudinski.cod","2490368","BADD7350639CECC8D9267EB6AFD0A2AD","EA9D5E37CF5B1C7008DE55720B449513DED6027F412DE46B6BAC84B7279A7247"
"sp\mace2\mace2_ch\schreck.cod","5898240","8292710ADE0D9C46E3587947A53FC725","EC73EA683BBB1889B46C0B094FA910AF483EE1BE74834C0215AD6464803E4710"
"sp\mace2\mace2_ch\tank_crw.cod","3014656","2F897D9A255AEF4F171333F77A715349","E6F56931B6A9E32B875DB328137F2E294B803AD41D944A9466400F62B7EBD67F"
"sp\mace2\mace2_ch\ulan.cod","2621440","4E941AF8547658DD5F76F2FD90B534D1","A9F2E1826AF633DE410481A3E798CD09C5229B94A89B737651A8BE031F3209F8"
"sp\mace2\mace2_ch\ulanrad.cod","3145728","F3A1057C69BA160DE4BB0B5C499F7D3E","C4FA050D98A00CDC25A40F8943F8881BF9C79BF6F7FBE7F3E18CAE6FC96EE3A7"
"sp\mace2\mace2.cod","17170432","6A3FE180DE657927FBCAB73AEC68196B","7E57BF107664A59C28FF7A84D5D52A55194F1D34D9760D8E589E56169342522F"
"sp\mace2\mace2.dll","2494464","FC79785C4969F45D15684F4B25D78939","12839A27CA81159DB009D61306260D579F233E22E69CBAD81701021E070A432F"
"sp\mace2\mace2.wbk","27262976","16DF9412B1C8F1CE20F79168051A7CF4","536B5C0502197A0FFE7BAE9E27668E88DFDB043E90E838FB73B83E2AB8FE8BA6"
"sp\mace2\pantherv.cod","6291456","C6E6B96B61F381CADCC230751202CC52","0CA631C3EFDE5AF67B12CA7B6C316F130645D1440289F6D70AA0B1689D053F28"
"sp\mace2\shermans.cod","4587520","4CB6E2669CD891802065F85225850C7B","876FA7485CA9957ABF93E22318E4118FD4A0C0681A672062CC6B94A79A037171"
"sp\mace2\vehicles.cod","18939904","8EAE565FF9E92802DE768A0D1F943217","83342A022BECA8BC9CA99735269EDA5E3CF974510EF931A59759D04755D9E318"
"sp\mace2\weapons.cod","25100288","BB5BDDA561F65AA3C8ECE9BB4E7456B6","AE1C4B6A082EF5F88A799104AB36EB7ACE827A154B84A8039546403C24AAF02C"
"sp\mace2\wehr.cod","5570560","539B98A0BF3916F85B30C1DD6D26D674","FE4F15DBF861577FED8DFB8EBF844B11708818E9202E72FF5BF17051D1C46103"
"sp\mace2\zn01.cod","2949120","7781A1334DDE93F51188462DAB0096AF","87AE455433559911BCD784FB433E57F55ADF5CBF98DC76859BF95EF2731EA1DF"
"sp\mace2\zn02.cod","3014656","BB4427224E947423C29157C5CD75A773","E7EF23DF6B977068DEB52A1775A6D48113CE6D80DC464E3A37AA9F23CE4CCEB0"
"sp\mace2\zn02a.cod","2490368","34C23296261970E0C1FF973C097A89CE","EBD93F6E6C5CBE87A073B9702AED01D652E213408731C77B72FE94DADE27233D"
"sp\mace2\zn03.cod","2293760","90B6958A90C776F1645B12E669B1EF06","FE00E3BC6B25938EE58DD8E29932F0D76EBAE23BE3FC41A83C89CCCD5DF18C02"
"sp\mace2\zn03a.cod","2949120","2586167631C214E7C0C8FF09FD5FA33B","365413CDE27A4FD363BE72F8A279696A1B61A8F9FB81BE2954BBE9E878108D48"
"sp\mace2\zn04.cod","1572864","E03D0D390AEB74974A029F5A7E4958FB","58D8E480634677A80639BC4BCCE4A696438BD9E01719B37149DD560A033A096B"
"sp\mace2\zn04a.cod","2686976","23005F526AD975812445AF0C71EBCD70","10743256ABB3C5AFFE55BFA97BEACADE08ACB22E37EEC7794364139C7CBCD97E"
"sp\mace2\zn05.cod","1376256","4AF7A094A327451D50E0D762238019F7","D48F6CE3B4638A6685E6B4C3BF81C7140EB9095225BC50DB0E1EFB8BD598EED8"
"sp\mace2\zn05a.cod","1507328","9D9E416DBB130D5A6242A37558FD85CC","3DE8A73EAFB34408B47B7A200610A7B349DB07BE0B78828CB0ECEC9016D372F3"
"sp\mace2\zn06.cod","1572864","766D4A9EA2D8657F4828B4411954621F","54DE93C68F6521F3250CD8AFFE7C3FA5B8DB469F79708CAC4689E7AB61E7156E"
"sp\mace2\zn07.cod","1572864","88CFA3BEBC6F807F3FA34FFF54BC3176","B6ADE79249A3B2652A27F50D91EBB6123344863433F83E2BD538A0DB75F8166E"
"sp\mace2\zn08.cod","3211264","139AF3BAB50D8ABED63EC445DA32BAAC","BE58C118D19702383175D6C4F7F900B9B42F85B39F3097A65DCFBC075C836DE2"
"sp\mace2\zn10.cod","1835008","969A02EF9581E4CEB2BE49B7D766EA24","5F78CF5CFA875274652FC7B461010FB0196A85EE07F962B63B36CF93564437FA"
"sp\mace2\zn11.cod","3014656","7BFEBEEF3190EF50F5CDAFC1A931695B","650FC27D12ADE0AEA6D32F5FE1B0C54A6967746F028881B95FDBB9D5FC2F4791"
"sp\mace2\zn12.cod","917504","5F194895714DBFC8AA07318A63F76831","4896E3867894C6540D9F46F44F5B3AE18ED65AC9A53FAA7D7173D17478FBBB91"
"sp\mace2\zn13.cod","262144","2214AE1EB0BDAB07FB488F4E54A294EA","F4FDCF5232BCC391A6A51E0C1EDFBC8CC5933F3C09AB3A9F6DB86CDD50A021F3"
"sp\mayenne\cellar.cod","1507328","5340BC7141E4C1EF22718E505867C4B6","A150C04779486C0DAFEE44714E806A63ACEC22D80A0E58FAB370B5F5602800B1"
"sp\mayenne\chars.cod","26345472","77E934326B3596EF2278B2B29015F397","10101B46712E89B36E39615298CBB7B98722B2A55AA073D2125FE47290C89B3E"
"sp\mayenne\court.cod","4063232","2A7D37D7D00088B136597215B6435F7D","C1946BEF0E36146C1060C25F9FB727235039EF93265707ADE6743EDB880723C2"
"sp\mayenne\dpbridge.cod","5701632","F0A51ACE3B66B749160EDC191AD0CDE2","A9E1A1FD10AB564A8C7FDAEED8B15C94B8E0E7780018ED3A7F8F0244BBE6B8F8"
"sp\mayenne\dpconvoy.cod","7995392","2212512E6FA8ECD4EBA85106F44C84B8","740204BE4B8BE0B80297FAB75838C617BAD36421678AC135A9752C854354018C"
"sp\mayenne\dpeast.cod","14942208","C5FAF3D52091AFBE13C32D10D9C1C751","9F0532688ED597D461FC8E444AB57CD943AA6C89B8DA51BF31C2973EB8F44B4F"
"sp\mayenne\dpriver.cod","1441792","CFA510BB6DD5F4B96DB9B016AE3AE60B","6475DE8EDA197839197D551BB126570DDCABBC51B7F2933494708690654AAE9B"
"sp\mayenne\fx.cod","4718592","CDAB9827B4B40EA271F2C502F5599174","AD21E766D9008CD0D7EBAA8DEF17CDFA8F38BE210EC257B9EFDAD6B43BBC6B0F"
"sp\mayenne\garden.cod","2883584","73BF6BD53FACE2CF3E7C717509AB24DA","33DA8A8472B5F8262E2BEDBBEDB2CA12363EDA3E2DB6E31FE0744B9026B24EDB"
"sp\mayenne\hall.cod","7340032","4651C5DF49A1D6C1CCF4E0B7EC2FA34C","61CDA9AAD834D4C1C656190F7FE1FA8FC6711C73415E67B5D5FB94AEA4648F80"
"sp\mayenne\house.cod","1900544","69646A7801DE3866E77E3DF32F793C3C","44B550FC839193DC8EC86BCB368942E405991533D4055B4CEBEE8015F1DF619B"
"sp\mayenne\mayenne.cod","25690112","EACE6686BEEF6E5BE9B22FEC1E9DE1DC","EF344C5F6C4E032369C4A35AFA0A6D45612DE4D9D4CA9E824BBA00E4C66C200D"
"sp\mayenne\mayenne.dll","2232320","8D5A6C2B1EC6F169D27737FE58FC5581","48A4C1916E5130467B639286EAF8AD1AE7B58511E0AE44036753089CA9F73C4A"
"sp\mayenne\mayenne.wbk","54853632","93AB3F6A998F1EE46CEBF7720B4119B5","797FD9E57556478B56D8F1FBAB9F7F8334BE5742637C543EBD68B55F32479244"
"sp\mayenne\phantomz.cod","1310720","2B0CAF7B85C8388FD6E5CC1E0553CD92","25DCAC4606D6832B5E9E3B8EBDA4E41231F739091D3D326C85A96F0D68676F2D"
"sp\mayenne\river_n.cod","10944512","60975EF312CFEE4A8C3839C881172E9B","A37378CB4B7A287E5F6B9CE07D3B63DACA75400A204B35122D287D9AD16010DC"
"sp\mayenne\river_s.cod","13041664","2181628EDC1E117D89816EDBD28A14DF","62A28010B4934CDEED146B9E9584C0C66C310B6EFA2BBF36E3CF08C7A4BDC30C"
"sp\mayenne\town_e.cod","5636096","738C807EF4FD982AD96C5B1582168E41","8C14687006570F3D4557F5C6C2B2A4B8B005CFAA8110FEEED1A568CBEB180590"
"sp\mayenne\town_i.cod","11075584","2C0B8CEEC4E250F31F6F8B6E1D0BD2A7","08C904B35C2BFEEF8653417F40A9847BB81B74990D267AD20E23B3F74EF335E6"
"sp\mayenne\town_n.cod","5832704","3C118F9AEA08F2DD78B39E7E81F33F45","AC7C4BD53138491220283EE326B707DF39A2833CE4DFFE5EADEECC2A26FAA062"
"sp\mayenne\town_s.cod","1900544","C46A87AFE4EEE6EACE43836F8F98B9CB","58373ECA8BD1DE497C59796CD098BAA82960511475D09B930E2FA544FC934FC1"
"sp\mayenne\twn_i_a.cod","1507328","A630DE527345AAE731FEE5F8E773086B","CC3058BF05AB660821EA11BA2E033347EE9775A8651E624A8884471F4F6C0718"
"sp\mayenne\weapons.cod","23330816","B13C5148294B1B358055FA0A40BC230E","6837E4C1DD5C5E8DF20042D509EBBF204D53E6595D97A65320F978017CA56741"
"sp\nightd\chars.cod","30736384","40D43054D85AFB070E6B70CCEB3B9129","483404A43BF605851798A0FF6A23B7DCCCE2A100585CBE28E28582B4285FDF5E"
"sp\nightd\fx.cod","4915200","EC4F0C89FFB9601D0B74952F145545A3","CA8F7825BAC16E524727F627B57495E23BCA2EB60E5918E0D5555F1492CA78E1"
"sp\nightd\nightd.cod","35586048","A9F179F0E517040597FF035E84CA5676","782ABDD07AC4CB82C7121D1026F62DA2D1C8E39F03255A8C673131B15642EDFA"
"sp\nightd\nightd.dll","2166784","7506DD45D9C8E280C27E33020BC65F02","AE2F69D2446FED315F298114BDDB3CBFC2CA79D631497F8254B974FAF79177DA"
"sp\nightd\nightd.wbk","39256064","0BA1AD2018BFA5CB61234A6A1B29A17A","5EE9B69444CB13F739A8CE924DB4CA924DB888E1C1C3BB337159476302A5EF54"
"sp\nightd\nightend.cod","4456448","A86F06BB1F652D4E9944E1B6F4A15B67","79B8E5BA4E49A5A0222F1AB67182A20B9C4E6225A69208D024C911EEFCDC492B"
"sp\nightd\weapons.cod","21364736","81F8D6CDADF07B5206F298A0043EFD22","5AD8827B413610FA80003509D481ABB52B4C7A4E790B2354F2B6CDE82CA1C6F7"
"sp\nightd\z9trench.cod","4915200","A801CB095FFFDD39578691F5EDB7A9F0","ED1B1E5B71B99B2CD19CAF21B1D8683F5CC9E96442375545BD6A890E4C2B4469"
"sp\nightd\zn02.cod","2818048","E4F6F4CAF023EC3CEE595D21FF80568D","0A1DE6EE54FAE158FC046D20BF5F7931EB63D70F6D997E1479AE6109C8320875"
"sp\nightd\zn02b.cod","2490368","FD951DFF74749287910024A1F1DA3701","3557BD846F0116105A56FB16DB748657D6C4C04DE0E2D1915F78757D1A65DD27"
"sp\nightd\zn03.cod","1966080","D958B88F91DF5D3BB4917B12231C66D1","508668BDF3F0A1526CA2F897F6BB2F99692AD8F35F04BF0482582E754B55873E"
"sp\nightd\zn03b.cod","1769472","B462899755566999CF31E42FAFBB3A4D","B6FCC13AC19BCFC9FF1D498F6A34E9E3DD26C67C2D3D476C3B9FEED2AB6ED215"
"sp\nightd\zn04.cod","14680064","048E8F3CB204F0E680E57B50AB80B2D5","C9B3F8B9BFCE02D8DA3452A0214E63AE36346A42B2493506ADB4CF81DDCF1FA8"
"sp\nightd\zn04b.cod","786432","87FB2C5A61F6DA0589314CC1E25E97CA","E6F1D8E652B6B6641D1A4DCCD87F317507F9D455E8636868446F8C2049326D35"
"sp\nightd\zn04hse.cod","7012352","AB4A451D17DAB10F3F78A9A39E5BA419","EF4F43338976EC85D0E7AA499F727288192D47A9832D20C3ABBAB806C2B95B4E"
"sp\nightd\zn05a.cod","1703936","43756CE71E5B827161CC62C6413428FF","4A1B412DB6D805BA8ED9CA12E9BDD88E96066F27FADB46094C004E8F4874ED2E"
"sp\nightd\zn05b.cod","8126464","EE26022C7FDDA3D1B16783B363F86E8E","E3A07C5A6686C6A1862624033CCD2999D8DC5D3088B3A419C7799B45B38C7B3C"
"sp\nightd\zn06.cod","3145728","62B53E9FF45D0EE243A9CC2562EB6576","A921575F1020DBD04551A1FE06414BF8242F6BEFC4DD38822CBBDA403B611234"
"sp\nightd\zn06b.cod","3211264","108319A8933177C3B6844BF95206F5F0","A1410AD84249628262232ECEF9135BDB66D6B507C5945D8791C76D2B8776799D"
"sp\nightd\zn07.cod","5570560","F849D4E9E0FF98277C33DB496C92D329","02F6FF8AB252FF214AA5AC919E7AC3018BE6CF084E7179E336E5D986ADC23A24"
"sp\nightd\zn08.cod","4980736","BA1B26D0B59CF2356CA63FE1FEC38B0A","16F5D49BF0AE0EA3714CD28A850479524351B289933FCAC485C64D02D0BCF26F"
"sp\nightd\zn09.cod","8912896","1CF6F6631545D0CA37AED04C77684778","C8AAD10A8A2060230009D013C46BAC076BF55912046D2429BC5BB00D57E34A49"
"sp\nightd\zn09b.cod","2097152","A5D357BF6C0BDF88BCAF6933B2486451","F26791F871F2500587490C0BD43DEF62B067504B90C11975A0728C6F489766D3"
"sp\nightd\zn10.cod","2686976","202FD008A88016587CFECBFE0FA42279","28AA07CF5C420FABF137EDC9E47BFC459D54B30B334DD0B830ABB5802CF39722"
"sp\nightd\zn11.cod","2752512","F2316DB1CC9D38D9551FF41642EA4972","99621EB881FF496FAEE700095A385CABB80CE57FEA711F37017C02F637FD23D0"
"sp\nightd\zn12.cod","4980736","51975904F294F7883418A04DFC7585AD","007F18CA8F5897D78D25EB7B05CCC6B87D83DDC07303D5C4483CDE3A25258063"
"sp\nightd\zn13.cod","5308416","764449EDFFD254D3B41C8F57752532B9","40BDBB384CD5800D406E3C3BCF5770ABF994E80922513F3D456346E3B495921C"
"sp\nightd\zn14.cod","7667712","FA870B73E1667DA469206B43C5B1006F","C76C28E828EB58DA596C43B82E710503C324C2216CE5D0AFA831DDE439BF9491"
"sp\nightd\zn9_back.cod","6815744","8987197D60D10B772BD4F618118BECF3","747480F2A8362D3C6483DD2801ACE9C8268C867F09F509101C46056B74623D9A"
"sp\nightd\zn9_hse.cod","8912896","4A4BC3156CD7DCB78FBC5F6E9D803B0E","FBEDDDA6B0D7D4AF6BD9232574B9229B79B192F650F06C31C03265E719E7BD50"
"sp\nightd\zn9vista.cod","4849664","56236D045A4C3E94EB6E796EDC36C7F0","3242C621EB2915E34C060CEED6E85ED628E6B1FB2CE56D81D8BA1AFB4D6F3EB1"
"sp\saint_lo\chars.cod","28966912","B3A155A7218C66A165D37D0CC6CADFBC","0E3A25BDB2A113D12109286615B0F7A6897FD6804BFC5ED2A67DA7A934792646"
"sp\saint_lo\ei_char.cod","4128768","D59969466790EE6D4AEF6198FEE6DB6A","E23826F3447E362D19F68166799D251B556D3C3D5AED650F1A4951F265E6729D"
"sp\saint_lo\fx.cod","4653056","6F48092C458E0F090E8ED948C7CFEC8F","F254279ECAA84B5D4ACD8AB3489E1C18546922C3E3711CE6E7B2F1DBEDBEF730"
"sp\saint_lo\int_veh.cod","5111808","B07AB64BB71B342E9E6517EE5A291785","E0E0AC70C0F9A2C72847361EEEE2581F0414BAE6918FA4632D8B4C77B1E809A2"
"sp\saint_lo\mid.cod","5767168","8037B2B1BF6D76426427A6967D3A46C1","850DCDA9CBFE140416A2E0DF7BD8F8F9AAB6EC20EED45E49C9D0C2262B1EC969"
"sp\saint_lo\saint_lo.cod","23920640","FDFE0732B1BDCAF8F85421845AB53389","95AEE5EB36EF50682752EBD4A43E586CFB62E6FDD7B467DEC8B3ABCA2CF8BB72"
"sp\saint_lo\saint_lo.dll","2396160","BDC84E28B1FADA575D548F83C4E3D7C9","49E38A116B8F3C5E81C5206FD461496A6DA518CF9427843B38F2CAD33910EF2B"
"sp\saint_lo\saint_lo.wbk","63897600","6BC7A742AD478C7590F0DF9A531F1AB6","0AC73EDE39BBC267DFB51A2558B46F2758EE3ADDEC845152A5DEA2396D3D506C"
"sp\saint_lo\start.cod","1572864","79DC861925F438CF5568172D089D0412","CFAE9A1BCDED372DEC3114E14669689DEFE269613F51877FF4B106CB8E7D425F"
"sp\saint_lo\vehicles.cod","16777216","0A6E55656DF0135C2308D96E0ECC2316","A65D6E865F7050EE5D7871CB724CA25DE3FCDCD89BC2763566894E7AFF111414"
"sp\saint_lo\weapons.cod","19988480","729F135F3E9220E782A8D4CDC47A00FC","559D72BA6392B5BC84407D4CB9660D83A473DD542950B8F228AE689257D5BAC1"
"sp\saint_lo\zn01.cod","13762560","8AF2E0CF649CFF5E65380F0DCC819917","898C9511BE1DEB6B2C05A4BADFC70496AA90E89BDB0E92E5663A162E16D0B096"
"sp\saint_lo\zn02.cod","6750208","E6B7D9B49A47DD47F616A09AD7C67477","EB8BAB61A5DA12433BC3ED697BADF1D03FFA0A160C2BDA773E3D80662EC77B56"
"sp\saint_lo\zn03.cod","6684672","A0396D9BE26C74EC06599CD17EFE2FAD","27E0C50FA37E059CA71F3FE0AA5E14C747261BE2927BC892C696D6EBE5755D0C"
"sp\saint_lo\zn04.cod","3604480","A0ECBCA5FDFECDA30039C86CBC65A581","67FF76E1311E3CD22BB74DAD87A8DF7309FFE088CE3C66C009C66D242C4E691D"
"sp\saint_lo\zn05.cod","2490368","0054CE419C84DC4D6A4C09731B4D6443","105B013E9B90A6EA4EA0683BA5871D5F346ABC3218452483AA751F943408706B"
"sp\saint_lo\zn06.cod","8388608","773BF0581D912ED893B3B620BCBDED32","0242927D1F0155C9B972F986F4E0A205EECC9473E7C50FEC94229194D26A7B09"
"sp\saint_lo\zn07.cod","6684672","B4DBFEED40F0AEF459F111885D80462E","5A838EBC208C261332A390DCB51B3411BE3D767A3700BE5BCDF963CF13B48440"
"sp\saint_lo\zn09.cod","6750208","048B27B1AEC15DD7A7556F4B09B3EED2","978CFF2358C8FCDC246C3BD3D7C95F97373E48B22F01D1FC5B16016218C8B9DD"
"sp\saint_lo\zn10.cod","1900544","CF5169F219C90A344825921B44EDF94A","8B06619AAF15C5D5F6464E5DB563D6CDAA0B8E8AEC97DDCB6677B997A9B844FF"
"sp\saint_lo\zn11.cod","3604480","5254E4BB3CCD6F61026BB1D64981D942","3A852A5F2B0BC8676DB18FF517BBB2A8AFD2E462F03FDB3FE6587D16EA5F3731"
"sp\saint_lo\zn12.cod","5308416","506734F467FFAABF20E448EBAE919B27","CE56FEE75FECCDA1BAC6AFE3ABF1735866E0E2C07B0D796D394A56F7667CF96A"
"sp\saint_lo\zn12a.cod","1835008","BA63404B58D4EE899EA2DDFFB23987FB","75A29A3424A8D78DB149FA141E08F0D6E24FBCCC6B6DFF093E1D329CB99973B8"
"sp\saint_lo\zn12b.cod","589824","CFC870F6D8709886DF9FB301D8D65D60","80DE7EBDCBF9D68DF36207DC4D91202ED688B1DCD1C478773BC7ADF9AAD6B599"
"sp\saint_lo\zn13.cod","4128768","E3B66BBC557E153C590557C95C666D73","E36472F9827582F031E87470437AE038FE5A0DFA9D98DC81309B77B566FE44EC"
"sp\saint_lo\zn13a.cod","5111808","71B3DB782D0A77BA05CAD78D7E94AED7","7D7409B8D0F88765D0D068366259B63E522C4922C46B58A4CE254AA493460DE1"
"sp\saint_lo\zn14.cod","8978432","2B27670EFC16564F9757EDD9585A2874","EF863DED4458017AE07106FC3DC6CAEBEB656CE619709BDADF195A62D65D42B7"
"sp\saint_lo\zn14b.cod","3604480","4CF25FF7F6B6900BEEFDB736AD9E62CE","33F0DA154F02503ABF31CD125EA2000A3A948622AD9E3D77E40A3C676C73207A"
"sp\saint_lo\zn15.cod","720896","7A71E038056F68747BD59774CFF0CCF9","FD3EA706235059E3C96463197A09FC11931D7EE45A8F92A26A195B432F956D23"
"sp\stbert\buff.cod","3276800","DF9D97C8A468F2276262632D95B1195C","1B6CB1A88CBE7BE37DB7500E30268947FC21AD095FE18305F6850E309D2CCA0E"
"sp\stbert\chars.cod","24117248","3B06BBD425AF40E60EAF79C2C6845B72","A852EBD7DE541822ADD27E41F175C8BE05EC435A5CDA1BDCE422EAD7428BDDAB"
"sp\stbert\fx.cod","6684672","309C199A30A09453796CFEE0A05F8553","8E07A8CAE8F8CE85973C697BBCB78CAF4AA57F840CC5AF16D8A34C80E18618A1"
"sp\stbert\stbert.cod","39518208","9D44027C312522A7EBE7E948972DF71C","E0ADE64E607F90D1A2C5FF3CFDD7FCCD4918DDAF49D1A912253D48DD25B820A2"
"sp\stbert\stbert.dll","2199552","1653A9228EB7E355F10599D5FCA5BFBC","6B294583E22EED4B8675E29CAC1E712179F40222A52720EFA1A81707A8FF5E5A"
"sp\stbert\stbert.wbk","26148864","FE63294838613E8351035994B3746861","08056D24625208AF5856FCA5962411D965A801652B4AA41CC2C831C621EDC1DD"
"sp\stbert\weapons.cod","16056320","04459CC8E3F56B50C6795FAED0341D2A","30A99A6C87C35EA649D70EE87EB07B582C2B0D3BA7AAACFAD9D62F4BCCFDF472"
"sp\stbert\zn01.cod","15925248","5FF92D4D3EBB3DBFD4DD07BD4B1E6D62","5F0BBC6A6662A58EEABA4AF8F9002B2F334B1B2466B3A9EE52DFE16748F86489"
"sp\stbert\zn02.cod","7798784","567FFB919FC6617FE8BE8BF0FFFC1F66","47A30B8ADCFA9E5CCE9A312923490E26B5582F0662652F9D06F21E8444F061B7"
"sp\stbert\zn03.cod","12124160","5903E45A11687889A38DFBB1F4767B1A","FF8F92B23CE949F59F8B21EDD5148896A0F05D10A7A089999FBEDEE3DDE25AB3"
"sp\stbert\zn04.cod","7340032","F2059C2F072690E4CD62449173D9790E","3F037BD09AC9C3E786150FB2E1F7D0A8EAE6C54C36A1D7827499D4B2619850BA"
"sp\stbert\zn05.cod","3211264","6EBE0052900E5015996F92336C13F9A5","0928158AFB7141C204A547EA7706156A7EB7B6D1ECD569C381B0CE5965212715"
"sp\stbert\zn06.cod","5046272","00BFB23183F11C9523724E050D8FF84F","9D04EF404BDF6FBF387233CABE86207D2C176A417CEA11605BC10D130B24136F"
"sp\stbert\zn07.cod","4521984","F2BE89F686B36EFA724A96DE94896B66","D3349B32CB3ECFC61F2C8C2D380380488F0BDFC4F7B44573259DDE2C581C6BA7"
"sp\stbert\zn08.cod","4915200","5527CA395840C05004B2C59C21225AAB","17A762177EB4A39F0736E4D895657137A7AA78B817C750DDA357DCC960F23355"
